,Firm,Year,Country,Sector,Revenue,Total Passages,Passages after Filter 1,Passages after Filter 2,Passages after Classification into SDGs,Result
0,Procter&Gamble,2022,USA,Consumer Staples,412.58,879,1,1,1,"{'0': 0, '1': 0, '2': 0, '3': 0, '4': 0, '5': 0, '6': 0, '7': 0, '8': 1, '9': 1, '10': 0, '11': 0, '12': 0, '13': 0, '14': 0, '15': 0, '16': 0, '17': 0}"
1,Procter&Gamble,2023,USA,Consumer Staples,412.58,849,1,1,0,"{'0': 0, '1': 0, '2': 0, '3': 0, '4': 0, '5': 0, '6': 0, '7': 0, '8': 0, '9': 0, '10': 0, '11': 0, '12': 0, '13': 0, '14': 0, '15': 0, '16': 0, '17': 0}"
2,Procter&Gamble,2020,USA,Consumer Staples,412.58,959,2,2,2,"{'0': 0, '1': 0, '2': 0, '3': 0, '4': 0, '5': 0, '6': 0, '7': 0, '8': 0, '9': 2, '10': 0, '11': 0, '12': 2, '13': 0, '14': 0, '15': 0, '16': 0, '17': 0}"
3,Procter&Gamble,2018,USA,Consumer Staples,412.58,910,2,2,2,"{'0': 0, '1': 0, '2': 0, '3': 0, '4': 0, '5': 0, '6': 0, '7': 0, '8': 0, '9': 1, '10': 0, '11': 0, '12': 2, '13': 0, '14': 0, '15': 0, '16': 0, '17': 0}"
4,APPLE,2023,USA,Information Technology,3371.0,702,1,0,0,"{'0': 0, '1': 0, '2': 0, '3': 0, '4': 0, '5': 0, '6': 0, '7': 0, '8': 0, '9': 0, '10': 0, '11': 0, '12': 0, '13': 0, '14': 0, '15': 0, '16': 0, '17': 0}"
5,Mastercard,2022,USA,Financials,439.85,1145,10,7,7,"{'0': 0, '1': 0, '2': 0, '3': 0, '4': 0, '5': 0, '6': 0, '7': 0, '8': 4, '9': 6, '10': 1, '11': 0, '12': 0, '13': 0, '14': 0, '15': 0, '16': 3, '17': 0}"
6,Mastercard,2023,USA,Financials,439.85,1168,29,14,14,"{'0': 0, '1': 0, '2': 0, '3': 0, '4': 0, '5': 0, '6': 0, '7': 0, '8': 3, '9': 10, '10': 1, '11': 0, '12': 0, '13': 0, '14': 0, '15': 0, '16': 11, '17': 0}"
7,Mastercard,2017,USA,Financials,439.85,1142,5,4,4,"{'0': 0, '1': 0, '2': 0, '3': 0, '4': 0, '5': 0, '6': 0, '7': 0, '8': 2, '9': 4, '10': 0, '11': 0, '12': 0, '13': 0, '14': 0, '15': 0, '16': 2, '17': 0}"
8,Mastercard,2019,USA,Financials,439.85,1002,6,4,4,"{'0': 0, '1': 0, '2': 0, '3': 0, '4': 0, '5': 0, '6': 0, '7': 0, '8': 1, '9': 4, '10': 0, '11': 0, '12': 0, '13': 0, '14': 0, '15': 0, '16': 2, '17': 0}"
9,Mastercard,2021,USA,Financials,439.85,1107,10,6,5,"{'0': 0, '1': 0, '2': 0, '3': 1, '4': 1, '5': 0, '6': 0, '7': 0, '8': 3, '9': 4, '10': 1, '11': 0, '12': 0, '13': 1, '14': 0, '15': 0, '16': 2, '17': 0}"
10,Mastercard,2020,USA,Financials,439.85,1061,8,5,5,"{'0': 0, '1': 0, '2': 0, '3': 0, '4': 0, '5': 0, '6': 0, '7': 0, '8': 2, '9': 4, '10': 0, '11': 0, '12': 1, '13': 0, '14': 0, '15': 0, '16': 3, '17': 0}"
11,Mastercard,2018,USA,Financials,439.85,1122,6,4,4,"{'0': 0, '1': 0, '2': 0, '3': 0, '4': 0, '5': 0, '6': 0, '7': 0, '8': 2, '9': 3, '10': 0, '11': 0, '12': 0, '13': 0, '14': 0, '15': 0, '16': 2, '17': 0}"
12,Mastercard,2016,USA,Financials,439.85,1000,2,2,2,"{'0': 0, '1': 0, '2': 0, '3': 0, '4': 0, '5': 0, '6': 0, '7': 0, '8': 0, '9': 1, '10': 0, '11': 0, '12': 0, '13': 0, '14': 0, '15': 0, '16': 2, '17': 0}"
13,Amazon,2023,USA,Information Technology,1761.0,849,23,19,13,"{'0': 0, '1': 0, '2': 0, '3': 0, '4': 0, '5': 0, '6': 0, '7': 0, '8': 3, '9': 12, '10': 0, '11': 0, '12': 1, '13': 0, '14': 0, '15': 0, '16': 0, '17': 0}"
14,Amazon,2017,USA,Information Technology,1761.0,814,4,4,3,"{'0': 0, '1': 0, '2': 0, '3': 0, '4': 0, '5': 0, '6': 0, '7': 0, '8': 0, '9': 3, '10': 0, '11': 0, '12': 1, '13': 0, '14': 0, '15': 0, '16': 0, '17': 0}"
15,Amazon,2019,USA,Information Technology,1761.0,1970,1,0,0,"{'0': 0, '1': 0, '2': 0, '3': 0, '4': 0, '5': 0, '6': 0, '7': 0, '8': 0, '9': 0, '10': 0, '11': 0, '12': 0, '13': 0, '14': 0, '15': 0, '16': 0, '17': 0}"
16,Amazon,2018,USA,Information Technology,1761.0,733,5,4,3,"{'0': 0, '1': 0, '2': 0, '3': 0, '4': 0, '5': 0, '6': 0, '7': 0, '8': 0, '9': 3, '10': 0, '11': 0, '12': 0, '13': 0, '14': 0, '15': 0, '16': 0, '17': 0}"
17,Amazon,2016,USA,Information Technology,1761.0,748,5,4,3,"{'0': 0, '1': 0, '2': 0, '3': 0, '4': 0, '5': 0, '6': 0, '7': 0, '8': 1, '9': 3, '10': 0, '11': 0, '12': 1, '13': 0, '14': 0, '15': 0, '16': 1, '17': 0}"
18,Meta Platforms (Facebook),2022,USA,Information Technology,1234.0,1490,21,18,13,"{'0': 0, '1': 0, '2': 0, '3': 0, '4': 0, '5': 0, '6': 0, '7': 0, '8': 2, '9': 7, '10': 0, '11': 0, '12': 0, '13': 0, '14': 0, '15': 0, '16': 7, '17': 0}"
19,Meta Platforms (Facebook),2023,USA,Information Technology,1234.0,1279,45,32,19,"{'0': 1, '1': 0, '2': 0, '3': 0, '4': 0, '5': 0, '6': 0, '7': 0, '8': 5, '9': 14, '10': 0, '11': 1, '12': 0, '13': 0, '14': 0, '15': 0, '16': 4, '17': 1}"
20,Meta Platforms (Facebook),2015,USA,Information Technology,1234.0,790,2,1,1,"{'0': 0, '1': 0, '2': 0, '3': 0, '4': 0, '5': 0, '6': 0, '7': 0, '8': 0, '9': 1, '10': 0, '11': 0, '12': 0, '13': 0, '14': 0, '15': 0, '16': 0, '17': 1}"
21,Meta Platforms (Facebook),2017,USA,Information Technology,1234.0,853,2,2,2,"{'0': 0, '1': 0, '2': 0, '3': 0, '4': 0, '5': 0, '6': 0, '7': 0, '8': 0, '9': 2, '10': 0, '11': 0, '12': 0, '13': 0, '14': 0, '15': 0, '16': 0, '17': 0}"
22,Meta Platforms (Facebook),2019,USA,Information Technology,1234.0,979,10,9,6,"{'0': 0, '1': 0, '2': 0, '3': 0, '4': 0, '5': 0, '6': 0, '7': 0, '8': 0, '9': 2, '10': 0, '11': 0, '12': 0, '13': 0, '14': 0, '15': 0, '16': 4, '17': 1}"
23,Meta Platforms (Facebook),2021,USA,Information Technology,1234.0,1139,8,8,7,"{'0': 0, '1': 0, '2': 0, '3': 0, '4': 0, '5': 0, '6': 0, '7': 0, '8': 0, '9': 3, '10': 0, '11': 0, '12': 0, '13': 0, '14': 0, '15': 0, '16': 5, '17': 1}"
24,Meta Platforms (Facebook),2020,USA,Information Technology,1234.0,1104,11,8,8,"{'0': 0, '1': 0, '2': 0, '3': 0, '4': 0, '5': 0, '6': 0, '7': 0, '8': 0, '9': 3, '10': 0, '11': 0, '12': 0, '13': 0, '14': 0, '15': 0, '16': 6, '17': 0}"
25,Meta Platforms (Facebook),2018,USA,Information Technology,1234.0,1102,5,3,2,"{'0': 0, '1': 0, '2': 0, '3': 0, '4': 0, '5': 0, '6': 0, '7': 0, '8': 0, '9': 2, '10': 0, '11': 0, '12': 0, '13': 0, '14': 0, '15': 0, '16': 0, '17': 1}"
26,Meta Platforms (Facebook),2016,USA,Information Technology,1234.0,853,2,2,2,"{'0': 0, '1': 0, '2': 0, '3': 0, '4': 0, '5': 0, '6': 0, '7': 0, '8': 0, '9': 2, '10': 0, '11': 0, '12': 0, '13': 0, '14': 0, '15': 0, '16': 0, '17': 1}"
27,Microsoft,2014,USA,Information Technology,3036.0,733,3,3,3,"{'0': 0, '1': 0, '2': 0, '3': 0, '4': 0, '5': 0, '6': 0, '7': 0, '8': 2, '9': 3, '10': 0, '11': 0, '12': 0, '13': 0, '14': 0, '15': 0, '16': 0, '17': 0}"
28,Microsoft,2022,USA,Information Technology,3036.0,724,28,27,26,"{'0': 0, '1': 0, '2': 0, '3': 4, '4': 2, '5': 0, '6': 0, '7': 0, '8': 9, '9': 19, '10': 1, '11': 1, '12': 2, '13': 3, '14': 0, '15': 1, '16': 5, '17': 3}"
29,Microsoft,2023,USA,Information Technology,3036.0,722,79,61,57,"{'0': 0, '1': 0, '2': 2, '3': 7, '4': 9, '5': 0, '6': 0, '7': 2, '8': 22, '9': 42, '10': 1, '11': 0, '12': 0, '13': 1, '14': 0, '15': 0, '16': 12, '17': 2}"
30,Microsoft,2015,USA,Information Technology,3036.0,736,3,2,2,"{'0': 0, '1': 0, '2': 0, '3': 0, '4': 0, '5': 0, '6': 0, '7': 0, '8': 0, '9': 2, '10': 0, '11': 0, '12': 0, '13': 0, '14': 0, '15': 0, '16': 0, '17': 0}"
31,Microsoft,2017,USA,Information Technology,3036.0,747,21,19,17,"{'0': 0, '1': 0, '2': 0, '3': 1, '4': 2, '5': 0, '6': 0, '7': 1, '8': 5, '9': 16, '10': 0, '11': 0, '12': 1, '13': 2, '14': 0, '15': 0, '16': 1, '17': 0}"
32,Microsoft,2019,USA,Information Technology,3036.0,1209,22,19,16,"{'0': 0, '1': 0, '2': 0, '3': 0, '4': 1, '5': 0, '6': 0, '7': 0, '8': 8, '9': 14, '10': 0, '11': 0, '12': 0, '13': 0, '14': 0, '15': 0, '16': 1, '17': 1}"
33,Microsoft,2021,USA,Information Technology,3036.0,716,25,22,21,"{'0': 0, '1': 0, '2': 0, '3': 3, '4': 2, '5': 0, '6': 0, '7': 0, '8': 7, '9': 18, '10': 0, '11': 0, '12': 1, '13': 1, '14': 0, '15': 0, '16': 4, '17': 2}"
34,Microsoft,2020,USA,Information Technology,3036.0,709,30,25,21,"{'0': 0, '1': 0, '2': 0, '3': 2, '4': 1, '5': 0, '6': 0, '7': 1, '8': 7, '9': 16, '10': 1, '11': 1, '12': 2, '13': 1, '14': 0, '15': 0, '16': 2, '17': 1}"
35,Microsoft,2018,USA,Information Technology,3036.0,729,27,21,19,"{'0': 2, '1': 0, '2': 0, '3': 0, '4': 1, '5': 0, '6': 0, '7': 0, '8': 10, '9': 17, '10': 1, '11': 0, '12': 1, '13': 1, '14': 0, '15': 0, '16': 1, '17': 3}"
36,Microsoft,2016,USA,Information Technology,3036.0,802,6,5,5,"{'0': 0, '1': 0, '2': 0, '3': 1, '4': 0, '5': 0, '6': 0, '7': 0, '8': 2, '9': 5, '10': 0, '11': 0, '12': 0, '13': 0, '14': 0, '15': 0, '16': 1, '17': 0}"
37,Oracle,2022,USA,Information Technology,390.8,1533,14,14,14,"{'0': 0, '1': 0, '2': 0, '3': 0, '4': 0, '5': 0, '6': 0, '7': 0, '8': 7, '9': 9, '10': 0, '11': 0, '12': 1, '13': 0, '14': 0, '15': 0, '16': 5, '17': 0}"
38,Oracle,2023,USA,Information Technology,390.8,1537,19,17,17,"{'0': 0, '1': 0, '2': 0, '3': 0, '4': 0, '5': 0, '6': 0, '7': 0, '8': 13, '9': 13, '10': 0, '11': 0, '12': 0, '13': 0, '14': 0, '15': 0, '16': 7, '17': 0}"
39,Oracle,2017,USA,Information Technology,390.8,1281,5,5,5,"{'0': 0, '1': 0, '2': 0, '3': 0, '4': 0, '5': 0, '6': 0, '7': 0, '8': 2, '9': 5, '10': 0, '11': 0, '12': 0, '13': 0, '14': 0, '15': 0, '16': 0, '17': 1}"
40,Oracle,2019,USA,Information Technology,390.8,1516,11,11,11,"{'0': 0, '1': 0, '2': 0, '3': 0, '4': 0, '5': 0, '6': 0, '7': 0, '8': 6, '9': 8, '10': 0, '11': 0, '12': 0, '13': 0, '14': 0, '15': 0, '16': 5, '17': 0}"
41,Oracle,2021,USA,Information Technology,390.8,1536,15,15,14,"{'0': 0, '1': 0, '2': 0, '3': 0, '4': 0, '5': 0, '6': 0, '7': 0, '8': 8, '9': 8, '10': 0, '11': 0, '12': 0, '13': 0, '14': 0, '15': 0, '16': 7, '17': 0}"
42,Oracle,2020,USA,Information Technology,390.8,1522,11,11,11,"{'0': 0, '1': 0, '2': 0, '3': 0, '4': 0, '5': 0, '6': 0, '7': 0, '8': 6, '9': 8, '10': 0, '11': 0, '12': 0, '13': 0, '14': 0, '15': 0, '16': 4, '17': 0}"
43,Oracle,2018,USA,Information Technology,390.8,1559,4,2,2,"{'0': 0, '1': 0, '2': 0, '3': 0, '4': 0, '5': 0, '6': 0, '7': 0, '8': 1, '9': 1, '10': 0, '11': 0, '12': 0, '13': 0, '14': 0, '15': 0, '16': 1, '17': 0}"
44,Broadcom,2022,USA,Information Technology,669.46,1056,5,5,5,"{'0': 0, '1': 0, '2': 0, '3': 0, '4': 0, '5': 0, '6': 0, '7': 0, '8': 1, '9': 4, '10': 0, '11': 0, '12': 0, '13': 0, '14': 0, '15': 0, '16': 4, '17': 0}"
45,Broadcom,2023,USA,Information Technology,669.46,968,5,4,3,"{'0': 0, '1': 0, '2': 0, '3': 0, '4': 0, '5': 0, '6': 0, '7': 0, '8': 1, '9': 3, '10': 0, '11': 0, '12': 0, '13': 0, '14': 0, '15': 0, '16': 3, '17': 0}"
46,Broadcom,2021,USA,Information Technology,669.46,1035,4,3,3,"{'0': 0, '1': 0, '2': 0, '3': 0, '4': 0, '5': 0, '6': 0, '7': 0, '8': 0, '9': 3, '10': 0, '11': 0, '12': 0, '13': 0, '14': 0, '15': 0, '16': 3, '17': 0}"
47,Broadcom,2020,USA,Information Technology,669.46,1364,4,2,2,"{'0': 0, '1': 0, '2': 0, '3': 0, '4': 0, '5': 0, '6': 0, '7': 0, '8': 1, '9': 2, '10': 0, '11': 0, '12': 0, '13': 0, '14': 0, '15': 0, '16': 1, '17': 0}"
48,Tesla,2022,USA,Industries,663.43,2133,5,5,5,"{'0': 0, '1': 0, '2': 0, '3': 0, '4': 0, '5': 0, '6': 0, '7': 3, '8': 0, '9': 5, '10': 0, '11': 3, '12': 0, '13': 0, '14': 0, '15': 0, '16': 0, '17': 0}"
49,Tesla,2023,USA,Industries,663.43,1044,9,9,8,"{'0': 1, '1': 0, '2': 0, '3': 0, '4': 0, '5': 0, '6': 0, '7': 3, '8': 1, '9': 7, '10': 0, '11': 2, '12': 1, '13': 1, '14': 0, '15': 0, '16': 0, '17': 0}"
50,Tesla,2017,USA,Industries,663.43,2116,1,1,1,"{'0': 0, '1': 0, '2': 0, '3': 0, '4': 0, '5': 0, '6': 0, '7': 0, '8': 0, '9': 1, '10': 0, '11': 1, '12': 0, '13': 0, '14': 0, '15': 0, '16': 0, '17': 0}"
51,Tesla,2019,USA,Industries,663.43,1969,1,1,1,"{'0': 0, '1': 0, '2': 0, '3': 1, '4': 0, '5': 0, '6': 0, '7': 0, '8': 0, '9': 1, '10': 0, '11': 0, '12': 0, '13': 0, '14': 0, '15': 0, '16': 0, '17': 0}"
52,Tesla,2021,USA,Industries,663.43,1068,2,2,2,"{'0': 0, '1': 0, '2': 0, '3': 0, '4': 0, '5': 0, '6': 0, '7': 0, '8': 0, '9': 2, '10': 0, '11': 0, '12': 0, '13': 0, '14': 0, '15': 0, '16': 0, '17': 0}"
53,Visa,2014,USA,Financials,543.62,1123,2,0,0,"{'0': 0, '1': 0, '2': 0, '3': 0, '4': 0, '5': 0, '6': 0, '7': 0, '8': 0, '9': 0, '10': 0, '11': 0, '12': 0, '13': 0, '14': 0, '15': 0, '16': 0, '17': 0}"
54,Visa,2023,USA,Financials,543.62,1045,11,9,7,"{'0': 0, '1': 0, '2': 0, '3': 1, '4': 0, '5': 0, '6': 0, '7': 0, '8': 3, '9': 4, '10': 0, '11': 0, '12': 0, '13': 0, '14': 0, '15': 0, '16': 4, '17': 0}"
55,Visa,2017,USA,Financials,543.62,1216,4,4,4,"{'0': 0, '1': 0, '2': 0, '3': 0, '4': 0, '5': 0, '6': 0, '7': 0, '8': 2, '9': 3, '10': 0, '11': 0, '12': 0, '13': 0, '14': 0, '15': 0, '16': 2, '17': 0}"
56,Visa,2019,USA,Financials,543.62,1108,6,6,6,"{'0': 0, '1': 0, '2': 0, '3': 0, '4': 0, '5': 0, '6': 0, '7': 0, '8': 1, '9': 2, '10': 0, '11': 0, '12': 0, '13': 0, '14': 0, '15': 0, '16': 6, '17': 0}"
57,Visa,2020,USA,Financials,543.62,1154,4,4,4,"{'0': 0, '1': 0, '2': 0, '3': 0, '4': 0, '5': 0, '6': 0, '7': 0, '8': 1, '9': 3, '10': 0, '11': 0, '12': 0, '13': 0, '14': 0, '15': 0, '16': 4, '17': 0}"
58,Visa,2018,USA,Financials,543.62,1123,1,1,1,"{'0': 0, '1': 0, '2': 0, '3': 0, '4': 0, '5': 0, '6': 0, '7': 0, '8': 0, '9': 0, '10': 0, '11': 0, '12': 0, '13': 0, '14': 0, '15': 0, '16': 1, '17': 0}"
59,Walmart,2019,USA,Consumer Staples,616.05,920,1,1,1,"{'0': 0, '1': 0, '2': 0, '3': 0, '4': 0, '5': 0, '6': 0, '7': 0, '8': 1, '9': 1, '10': 0, '11': 0, '12': 0, '13': 0, '14': 0, '15': 0, '16': 0, '17': 0}"
60,Walmart,2021,USA,Consumer Staples,616.05,887,33,0,0,"{'0': 0, '1': 0, '2': 0, '3': 0, '4': 0, '5': 0, '6': 0, '7': 0, '8': 0, '9': 0, '10': 0, '11': 0, '12': 0, '13': 0, '14': 0, '15': 0, '16': 0, '17': 0}"
61,Berkshire Hathaway,2023,USA,Financials,922.79,1461,1,0,0,"{'0': 0, '1': 0, '2': 0, '3': 0, '4': 0, '5': 0, '6': 0, '7': 0, '8': 0, '9': 0, '10': 0, '11': 0, '12': 0, '13': 0, '14': 0, '15': 0, '16': 0, '17': 0}"
62,United Health,2022,USA,Health Care,551.16,796,8,5,5,"{'0': 0, '1': 0, '2': 0, '3': 3, '4': 1, '5': 0, '6': 0, '7': 0, '8': 1, '9': 2, '10': 3, '11': 0, '12': 0, '13': 0, '14': 0, '15': 0, '16': 2, '17': 0}"
63,United Health,2023,USA,Health Care,551.16,725,17,12,10,"{'0': 0, '1': 0, '2': 0, '3': 5, '4': 0, '5': 0, '6': 0, '7': 0, '8': 0, '9': 1, '10': 0, '11': 0, '12': 1, '13': 0, '14': 0, '15': 0, '16': 6, '17': 0}"
64,NVIDIA,2014,USA,Information Technology,2638.0,1360,13,12,10,"{'0': 0, '1': 0, '2': 0, '3': 3, '4': 1, '5': 0, '6': 0, '7': 1, '8': 1, '9': 10, '10': 0, '11': 0, '12': 0, '13': 0, '14': 0, '15': 0, '16': 0, '17': 0}"
65,NVIDIA,2022,USA,Information Technology,2638.0,1537,119,87,72,"{'0': 0, '1': 0, '2': 0, '3': 6, '4': 4, '5': 0, '6': 0, '7': 2, '8': 10, '9': 64, '10': 0, '11': 11, '12': 4, '13': 3, '14': 0, '15': 0, '16': 5, '17': 6}"
66,NVIDIA,2023,USA,Information Technology,2638.0,1616,188,144,122,"{'0': 0, '1': 0, '2': 0, '3': 17, '4': 4, '5': 0, '6': 0, '7': 3, '8': 25, '9': 110, '10': 0, '11': 14, '12': 0, '13': 8, '14': 0, '15': 0, '16': 2, '17': 6}"
67,NVIDIA,2015,USA,Information Technology,2638.0,2032,30,29,25,"{'0': 0, '1': 0, '2': 0, '3': 4, '4': 2, '5': 0, '6': 0, '7': 1, '8': 3, '9': 22, '10': 0, '11': 8, '12': 0, '13': 1, '14': 0, '15': 0, '16': 0, '17': 0}"
68,NVIDIA,2017,USA,Information Technology,2638.0,1760,62,58,50,"{'0': 0, '1': 0, '2': 1, '3': 5, '4': 5, '5': 0, '6': 0, '7': 1, '8': 3, '9': 47, '10': 0, '11': 13, '12': 0, '13': 0, '14': 0, '15': 0, '16': 2, '17': 2}"
69,NVIDIA,2019,USA,Information Technology,2638.0,1777,84,67,61,"{'0': 0, '1': 0, '2': 1, '3': 9, '4': 3, '5': 0, '6': 0, '7': 3, '8': 4, '9': 60, '10': 0, '11': 14, '12': 3, '13': 0, '14': 0, '15': 0, '16': 0, '17': 4}"
70,NVIDIA,2021,USA,Information Technology,2638.0,1789,91,72,63,"{'0': 0, '1': 0, '2': 0, '3': 3, '4': 5, '5': 0, '6': 0, '7': 3, '8': 12, '9': 54, '10': 0, '11': 14, '12': 1, '13': 8, '14': 0, '15': 0, '16': 1, '17': 3}"
71,NVIDIA,2020,USA,Information Technology,2638.0,1404,92,79,70,"{'0': 0, '1': 0, '2': 2, '3': 12, '4': 5, '5': 0, '6': 0, '7': 0, '8': 8, '9': 66, '10': 0, '11': 16, '12': 4, '13': 0, '14': 0, '15': 0, '16': 1, '17': 4}"
72,NVIDIA,2018,USA,Information Technology,2638.0,1330,75,62,57,"{'0': 0, '1': 0, '2': 2, '3': 7, '4': 1, '5': 0, '6': 0, '7': 0, '8': 6, '9': 57, '10': 0, '11': 13, '12': 1, '13': 0, '14': 0, '15': 0, '16': 1, '17': 3}"
73,NVIDIA,2016,USA,Information Technology,2638.0,1382,55,48,40,"{'0': 0, '1': 0, '2': 0, '3': 9, '4': 1, '5': 0, '6': 0, '7': 1, '8': 6, '9': 38, '10': 1, '11': 11, '12': 0, '13': 0, '14': 1, '15': 0, '16': 0, '17': 2}"
74,Exxon Mobil,2019,USA,Energy,500.44,296,2,2,2,"{'0': 0, '1': 0, '2': 0, '3': 0, '4': 0, '5': 0, '6': 0, '7': 0, '8': 0, '9': 2, '10': 0, '11': 0, '12': 0, '13': 0, '14': 0, '15': 0, '16': 0, '17': 0}"
75,Alphabet(Google),2022,USA,Information Technology,2062.0,892,47,41,35,"{'0': 2, '1': 0, '2': 1, '3': 3, '4': 8, '5': 0, '6': 0, '7': 1, '8': 11, '9': 26, '10': 1, '11': 3, '12': 1, '13': 3, '14': 0, '15': 0, '16': 3, '17': 1}"
76,Alphabet(Google),2023,USA,Information Technology,2062.0,855,75,63,40,"{'0': 2, '1': 0, '2': 0, '3': 2, '4': 6, '5': 0, '6': 0, '7': 1, '8': 12, '9': 30, '10': 0, '11': 0, '12': 2, '13': 4, '14': 0, '15': 0, '16': 7, '17': 1}"
77,Alphabet(Google),2015,USA,Information Technology,2062.0,1043,8,8,6,"{'0': 1, '1': 0, '2': 0, '3': 1, '4': 1, '5': 0, '6': 0, '7': 0, '8': 2, '9': 5, '10': 0, '11': 0, '12': 0, '13': 1, '14': 0, '15': 0, '16': 0, '17': 0}"
78,Alphabet(Google),2017,USA,Information Technology,2062.0,776,4,4,3,"{'0': 0, '1': 0, '2': 0, '3': 1, '4': 0, '5': 0, '6': 0, '7': 1, '8': 0, '9': 2, '10': 0, '11': 1, '12': 0, '13': 0, '14': 0, '15': 0, '16': 0, '17': 0}"
79,Alphabet(Google),2019,USA,Information Technology,2062.0,809,11,8,4,"{'0': 3, '1': 0, '2': 0, '3': 2, '4': 0, '5': 0, '6': 0, '7': 0, '8': 0, '9': 3, '10': 0, '11': 0, '12': 0, '13': 1, '14': 0, '15': 0, '16': 1, '17': 0}"
80,Alphabet(Google),2021,USA,Information Technology,2062.0,7233,21,6,4,"{'0': 0, '1': 0, '2': 0, '3': 1, '4': 0, '5': 0, '6': 0, '7': 1, '8': 0, '9': 1, '10': 0, '11': 1, '12': 0, '13': 0, '14': 0, '15': 0, '16': 1, '17': 0}"
81,Alphabet(Google),2020,USA,Information Technology,2062.0,930,16,13,8,"{'0': 3, '1': 0, '2': 0, '3': 2, '4': 3, '5': 0, '6': 0, '7': 0, '8': 3, '9': 4, '10': 2, '11': 0, '12': 0, '13': 0, '14': 0, '15': 0, '16': 1, '17': 0}"
82,Alphabet(Google),2018,USA,Information Technology,2062.0,827,7,7,4,"{'0': 2, '1': 0, '2': 0, '3': 0, '4': 1, '5': 0, '6': 0, '7': 1, '8': 0, '9': 4, '10': 0, '11': 1, '12': 0, '13': 0, '14': 0, '15': 0, '16': 0, '17': 0}"
83,Alphabet(Google),2016,USA,Information Technology,2062.0,851,9,9,8,"{'0': 1, '1': 0, '2': 0, '3': 1, '4': 1, '5': 0, '6': 0, '7': 1, '8': 2, '9': 7, '10': 0, '11': 2, '12': 0, '13': 0, '14': 0, '15': 0, '16': 0, '17': 0}"
84,Johnson&Johnson,2022,USA,Health Care,395.7,1228,1,1,1,"{'0': 0, '1': 0, '2': 0, '3': 1, '4': 0, '5': 0, '6': 0, '7': 0, '8': 0, '9': 1, '10': 0, '11': 0, '12': 0, '13': 0, '14': 0, '15': 0, '16': 0, '17': 0}"
85,Johnson&Johnson,2023,USA,Health Care,395.7,2355,4,2,1,"{'0': 1, '1': 0, '2': 0, '3': 1, '4': 0, '5': 0, '6': 0, '7': 0, '8': 0, '9': 1, '10': 0, '11': 0, '12': 0, '13': 0, '14': 0, '15': 0, '16': 0, '17': 0}"
86,Johnson&Johnson,2021,USA,Health Care,395.7,1242,1,1,1,"{'0': 0, '1': 0, '2': 0, '3': 1, '4': 0, '5': 0, '6': 0, '7': 0, '8': 0, '9': 0, '10': 0, '11': 0, '12': 0, '13': 0, '14': 0, '15': 0, '16': 0, '17': 0}"
87,Morgan&Chase,2022,USA,Financials,604.48,2982,15,10,9,"{'0': 0, '1': 0, '2': 0, '3': 0, '4': 0, '5': 0, '6': 0, '7': 1, '8': 8, '9': 6, '10': 0, '11': 0, '12': 0, '13': 1, '14': 0, '15': 0, '16': 1, '17': 0}"
88,Morgan&Chase,2023,USA,Financials,604.48,3383,26,20,17,"{'0': 0, '1': 1, '2': 0, '3': 0, '4': 0, '5': 0, '6': 0, '7': 0, '8': 13, '9': 10, '10': 0, '11': 0, '12': 0, '13': 0, '14': 0, '15': 0, '16': 5, '17': 0}"
89,Morgan&Chase,2015,USA,Financials,604.48,3246,2,1,1,"{'0': 0, '1': 0, '2': 0, '3': 0, '4': 0, '5': 0, '6': 0, '7': 0, '8': 1, '9': 1, '10': 0, '11': 0, '12': 0, '13': 0, '14': 0, '15': 0, '16': 0, '17': 0}"
90,Morgan&Chase,2017,USA,Financials,604.48,3041,4,3,2,"{'0': 0, '1': 0, '2': 0, '3': 0, '4': 0, '5': 0, '6': 0, '7': 0, '8': 1, '9': 2, '10': 0, '11': 0, '12': 0, '13': 0, '14': 0, '15': 0, '16': 1, '17': 0}"
91,Morgan&Chase,2019,USA,Financials,604.48,2541,2,2,1,"{'0': 1, '1': 0, '2': 0, '3': 0, '4': 0, '5': 0, '6': 0, '7': 0, '8': 1, '9': 1, '10': 0, '11': 0, '12': 0, '13': 0, '14': 0, '15': 0, '16': 0, '17': 0}"
92,Morgan&Chase,2021,USA,Financials,604.48,2889,17,6,6,"{'0': 0, '1': 0, '2': 0, '3': 0, '4': 0, '5': 0, '6': 0, '7': 0, '8': 3, '9': 3, '10': 0, '11': 0, '12': 0, '13': 1, '14': 0, '15': 0, '16': 2, '17': 0}"
93,Morgan&Chase,2020,USA,Financials,604.48,3164,12,8,8,"{'0': 0, '1': 0, '2': 0, '3': 0, '4': 0, '5': 0, '6': 0, '7': 0, '8': 6, '9': 8, '10': 0, '11': 0, '12': 0, '13': 0, '14': 0, '15': 0, '16': 0, '17': 1}"
94,Morgan&Chase,2018,USA,Financials,604.48,2901,12,8,8,"{'0': 0, '1': 0, '2': 0, '3': 0, '4': 0, '5': 0, '6': 0, '7': 0, '8': 7, '9': 7, '10': 0, '11': 0, '12': 0, '13': 0, '14': 0, '15': 0, '16': 2, '17': 0}"
95,Morgan&Chase,2016,USA,Financials,604.48,2866,8,7,6,"{'0': 0, '1': 0, '2': 0, '3': 0, '4': 0, '5': 0, '6': 0, '7': 0, '8': 5, '9': 5, '10': 0, '11': 0, '12': 0, '13': 0, '14': 0, '15': 0, '16': 1, '17': 0}"
96,Eli Lilly,2023,USA,Health Care,724.33,1077,8,2,1,"{'0': 1, '1': 0, '2': 0, '3': 0, '4': 0, '5': 0, '6': 0, '7': 0, '8': 1, '9': 0, '10': 0, '11': 0, '12': 0, '13': 0, '14': 0, '15': 0, '16': 0, '17': 0}"
97,Volkswagen,2014,Germany,Consumer Discretionary,52.66,2357,2,0,0,"{'0': 0, '1': 0, '2': 0, '3': 0, '4': 0, '5': 0, '6': 0, '7': 0, '8': 0, '9': 0, '10': 0, '11': 0, '12': 0, '13': 0, '14': 0, '15': 0, '16': 0, '17': 0}"
98,Volkswagen,2022,Germany,Consumer Discretionary,52.66,3371,18,7,7,"{'0': 0, '1': 0, '2': 0, '3': 0, '4': 1, '5': 0, '6': 0, '7': 1, '8': 2, '9': 6, '10': 0, '11': 0, '12': 0, '13': 0, '14': 0, '15': 0, '16': 0, '17': 0}"
99,Volkswagen,2023,Germany,Consumer Discretionary,52.66,3284,17,11,11,"{'0': 0, '1': 0, '2': 0, '3': 0, '4': 1, '5': 0, '6': 0, '7': 1, '8': 2, '9': 10, '10': 0, '11': 0, '12': 2, '13': 0, '14': 0, '15': 0, '16': 1, '17': 1}"
100,Volkswagen,2015,Germany,Consumer Discretionary,52.66,2526,4,1,1,"{'0': 0, '1': 0, '2': 0, '3': 0, '4': 0, '5': 0, '6': 0, '7': 0, '8': 0, '9': 1, '10': 0, '11': 0, '12': 0, '13': 0, '14': 0, '15': 0, '16': 0, '17': 0}"
101,Volkswagen,2017,Germany,Consumer Discretionary,52.66,2422,11,9,9,"{'0': 0, '1': 0, '2': 0, '3': 1, '4': 0, '5': 0, '6': 0, '7': 0, '8': 0, '9': 9, '10': 0, '11': 5, '12': 1, '13': 1, '14': 0, '15': 0, '16': 0, '17': 0}"
102,Volkswagen,2019,Germany,Consumer Discretionary,52.66,2513,9,6,6,"{'0': 0, '1': 0, '2': 0, '3': 0, '4': 0, '5': 0, '6': 0, '7': 0, '8': 0, '9': 5, '10': 0, '11': 3, '12': 0, '13': 0, '14': 0, '15': 0, '16': 0, '17': 0}"
103,Volkswagen,2021,Germany,Consumer Discretionary,52.66,2964,16,10,9,"{'0': 0, '1': 0, '2': 0, '3': 1, '4': 0, '5': 0, '6': 0, '7': 1, '8': 1, '9': 9, '10': 0, '11': 4, '12': 3, '13': 1, '14': 0, '15': 0, '16': 0, '17': 0}"
104,Volkswagen,2020,Germany,Consumer Discretionary,52.66,2685,24,8,8,"{'0': 0, '1': 0, '2': 0, '3': 0, '4': 0, '5': 0, '6': 0, '7': 0, '8': 0, '9': 8, '10': 0, '11': 4, '12': 0, '13': 0, '14': 0, '15': 0, '16': 0, '17': 0}"
105,Volkswagen,2018,Germany,Consumer Discretionary,52.66,2518,5,5,5,"{'0': 0, '1': 0, '2': 0, '3': 0, '4': 0, '5': 0, '6': 0, '7': 0, '8': 1, '9': 5, '10': 0, '11': 2, '12': 0, '13': 1, '14': 0, '15': 0, '16': 0, '17': 0}"
106,Volkswagen,2016,Germany,Consumer Discretionary,52.66,2651,13,8,8,"{'0': 0, '1': 0, '2': 0, '3': 0, '4': 0, '5': 0, '6': 0, '7': 0, '8': 1, '9': 8, '10': 0, '11': 6, '12': 1, '13': 0, '14': 0, '15': 0, '16': 0, '17': 0}"
107,Porsche,2022,Germany,Consumer Discretionary,67.4,2731,11,10,8,"{'0': 0, '1': 0, '2': 0, '3': 0, '4': 2, '5': 0, '6': 0, '7': 0, '8': 1, '9': 2, '10': 0, '11': 1, '12': 5, '13': 1, '14': 0, '15': 0, '16': 1, '17': 0}"
108,Porsche,2023,Germany,Consumer Discretionary,67.4,2873,13,9,8,"{'0': 0, '1': 0, '2': 0, '3': 0, '4': 1, '5': 0, '6': 0, '7': 0, '8': 0, '9': 5, '10': 0, '11': 1, '12': 3, '13': 0, '14': 0, '15': 0, '16': 2, '17': 0}"
109,Porsche,2017,Germany,Consumer Discretionary,67.4,769,1,1,1,"{'0': 0, '1': 0, '2': 0, '3': 0, '4': 0, '5': 0, '6': 0, '7': 0, '8': 1, '9': 1, '10': 0, '11': 0, '12': 0, '13': 0, '14': 0, '15': 0, '16': 0, '17': 0}"
110,Porsche,2019,Germany,Consumer Discretionary,67.4,1120,4,4,4,"{'0': 0, '1': 0, '2': 0, '3': 0, '4': 1, '5': 0, '6': 0, '7': 0, '8': 0, '9': 3, '10': 0, '11': 2, '12': 0, '13': 0, '14': 0, '15': 0, '16': 0, '17': 1}"
111,Porsche,2021,Germany,Consumer Discretionary,67.4,1485,12,12,11,"{'0': 0, '1': 0, '2': 0, '3': 2, '4': 1, '5': 0, '6': 0, '7': 0, '8': 3, '9': 5, '10': 0, '11': 0, '12': 6, '13': 0, '14': 0, '15': 0, '16': 0, '17': 0}"
112,Porsche,2020,Germany,Consumer Discretionary,67.4,1252,17,14,14,"{'0': 0, '1': 0, '2': 0, '3': 1, '4': 1, '5': 0, '6': 0, '7': 0, '8': 2, '9': 7, '10': 0, '11': 2, '12': 3, '13': 0, '14': 0, '15': 0, '16': 1, '17': 0}"
113,Porsche,2018,Germany,Consumer Discretionary,67.4,1003,2,2,2,"{'0': 0, '1': 0, '2': 0, '3': 0, '4': 0, '5': 0, '6': 0, '7': 0, '8': 0, '9': 2, '10': 0, '11': 2, '12': 0, '13': 0, '14': 0, '15': 0, '16': 0, '17': 0}"
114,SAP,2014,Germany,Information Technology,240.94,1912,1,0,0,"{'0': 0, '1': 0, '2': 0, '3': 0, '4': 0, '5': 0, '6': 0, '7': 0, '8': 0, '9': 0, '10': 0, '11': 0, '12': 0, '13': 0, '14': 0, '15': 0, '16': 0, '17': 0}"
115,SAP,2022,Germany,Information Technology,240.94,2315,18,11,11,"{'0': 0, '1': 0, '2': 0, '3': 0, '4': 0, '5': 0, '6': 0, '7': 0, '8': 2, '9': 6, '10': 0, '11': 0, '12': 0, '13': 0, '14': 0, '15': 0, '16': 5, '17': 0}"
116,SAP,2023,Germany,Information Technology,240.94,2388,65,41,32,"{'0': 1, '1': 0, '2': 0, '3': 0, '4': 0, '5': 0, '6': 0, '7': 0, '8': 14, '9': 25, '10': 0, '11': 0, '12': 4, '13': 1, '14': 0, '15': 0, '16': 5, '17': 2}"
117,SAP,2015,Germany,Information Technology,240.94,1933,4,2,2,"{'0': 0, '1': 0, '2': 0, '3': 1, '4': 0, '5': 0, '6': 0, '7': 0, '8': 0, '9': 2, '10': 0, '11': 0, '12': 0, '13': 0, '14': 0, '15': 0, '16': 1, '17': 1}"
118,SAP,2017,Germany,Information Technology,240.94,2303,37,28,24,"{'0': 1, '1': 0, '2': 0, '3': 0, '4': 0, '5': 0, '6': 0, '7': 1, '8': 15, '9': 21, '10': 1, '11': 0, '12': 0, '13': 0, '14': 0, '15': 0, '16': 0, '17': 1}"
119,SAP,2019,Germany,Information Technology,240.94,2566,33,25,23,"{'0': 0, '1': 0, '2': 0, '3': 1, '4': 2, '5': 1, '6': 0, '7': 0, '8': 15, '9': 18, '10': 1, '11': 0, '12': 1, '13': 0, '14': 0, '15': 0, '16': 2, '17': 1}"
120,SAP,2021,Germany,Information Technology,240.94,2387,28,18,18,"{'0': 0, '1': 0, '2': 0, '3': 0, '4': 1, '5': 0, '6': 0, '7': 0, '8': 8, '9': 10, '10': 0, '11': 0, '12': 4, '13': 0, '14': 0, '15': 0, '16': 5, '17': 1}"
121,SAP,2020,Germany,Information Technology,240.94,2607,40,32,30,"{'0': 0, '1': 0, '2': 0, '3': 1, '4': 0, '5': 0, '6': 0, '7': 0, '8': 12, '9': 23, '10': 0, '11': 0, '12': 7, '13': 1, '14': 0, '15': 0, '16': 4, '17': 0}"
122,SAP,2018,Germany,Information Technology,240.94,2607,58,48,47,"{'0': 0, '1': 0, '2': 0, '3': 0, '4': 0, '5': 0, '6': 0, '7': 0, '8': 36, '9': 42, '10': 0, '11': 0, '12': 1, '13': 0, '14': 0, '15': 0, '16': 3, '17': 3}"
123,SAP,2016,Germany,Information Technology,240.94,2274,15,12,11,"{'0': 0, '1': 0, '2': 0, '3': 1, '4': 0, '5': 0, '6': 0, '7': 0, '8': 6, '9': 10, '10': 0, '11': 0, '12': 0, '13': 0, '14': 0, '15': 0, '16': 1, '17': 0}"
124,Munich RE,2022,Germany,Financials,63.39,2072,11,10,10,"{'0': 0, '1': 0, '2': 0, '3': 0, '4': 1, '5': 0, '6': 0, '7': 0, '8': 3, '9': 6, '10': 1, '11': 0, '12': 0, '13': 0, '14': 0, '15': 0, '16': 6, '17': 0}"
125,Munich RE,2023,Germany,Financials,63.39,2635,17,11,11,"{'0': 0, '1': 0, '2': 0, '3': 0, '4': 0, '5': 0, '6': 0, '7': 0, '8': 5, '9': 10, '10': 1, '11': 0, '12': 0, '13': 0, '14': 0, '15': 0, '16': 3, '17': 0}"
126,Munich RE,2019,Germany,Financials,63.39,1563,4,3,2,"{'0': 1, '1': 0, '2': 0, '3': 0, '4': 0, '5': 0, '6': 1, '7': 0, '8': 0, '9': 1, '10': 0, '11': 1, '12': 0, '13': 1, '14': 0, '15': 0, '16': 0, '17': 0}"
127,Munich RE,2021,Germany,Financials,63.39,1845,11,8,8,"{'0': 0, '1': 0, '2': 0, '3': 0, '4': 0, '5': 0, '6': 0, '7': 0, '8': 6, '9': 6, '10': 1, '11': 0, '12': 0, '13': 0, '14': 0, '15': 0, '16': 3, '17': 0}"
128,Munich RE,2020,Germany,Financials,63.39,1777,5,5,5,"{'0': 0, '1': 0, '2': 0, '3': 0, '4': 0, '5': 0, '6': 0, '7': 0, '8': 1, '9': 5, '10': 0, '11': 0, '12': 0, '13': 0, '14': 0, '15': 0, '16': 1, '17': 0}"
129,Merck,2022,Germany,Health Care,78.9,2556,10,6,6,"{'0': 0, '1': 0, '2': 0, '3': 3, '4': 0, '5': 0, '6': 0, '7': 0, '8': 1, '9': 6, '10': 0, '11': 0, '12': 0, '13': 0, '14': 0, '15': 0, '16': 0, '17': 1}"
130,Merck,2023,Germany,Health Care,78.9,2597,37,26,23,"{'0': 1, '1': 0, '2': 0, '3': 9, '4': 1, '5': 0, '6': 0, '7': 1, '8': 1, '9': 18, '10': 0, '11': 0, '12': 6, '13': 0, '14': 0, '15': 0, '16': 2, '17': 0}"
131,Merck,2017,Germany,Health Care,78.9,2109,2,1,1,"{'0': 0, '1': 0, '2': 0, '3': 1, '4': 0, '5': 0, '6': 0, '7': 0, '8': 0, '9': 0, '10': 0, '11': 0, '12': 0, '13': 0, '14': 0, '15': 0, '16': 0, '17': 0}"
132,Merck,2019,Germany,Health Care,78.9,2211,9,8,8,"{'0': 0, '1': 0, '2': 0, '3': 4, '4': 1, '5': 0, '6': 0, '7': 0, '8': 2, '9': 5, '10': 0, '11': 0, '12': 1, '13': 0, '14': 0, '15': 0, '16': 0, '17': 0}"
133,Merck,2021,Germany,Health Care,78.9,2458,5,1,1,"{'0': 0, '1': 0, '2': 0, '3': 0, '4': 0, '5': 0, '6': 0, '7': 0, '8': 1, '9': 1, '10': 0, '11': 0, '12': 0, '13': 0, '14': 0, '15': 0, '16': 0, '17': 0}"
134,Merck,2020,Germany,Health Care,78.9,2361,9,8,8,"{'0': 0, '1': 0, '2': 1, '3': 2, '4': 3, '5': 0, '6': 0, '7': 0, '8': 3, '9': 3, '10': 0, '11': 0, '12': 0, '13': 0, '14': 0, '15': 0, '16': 0, '17': 0}"
135,Merck,2018,Germany,Health Care,78.9,2241,5,1,1,"{'0': 0, '1': 0, '2': 0, '3': 0, '4': 1, '5': 0, '6': 0, '7': 0, '8': 0, '9': 1, '10': 0, '11': 0, '12': 0, '13': 0, '14': 0, '15': 0, '16': 0, '17': 0}"
136,Siemens,2022,Germany,Industries,135.42,2036,11,6,6,"{'0': 0, '1': 0, '2': 0, '3': 2, '4': 0, '5': 0, '6': 0, '7': 0, '8': 0, '9': 4, '10': 0, '11': 0, '12': 1, '13': 0, '14': 0, '15': 0, '16': 1, '17': 0}"
137,Siemens,2023,Germany,Industries,135.42,2039,15,10,10,"{'0': 0, '1': 0, '2': 0, '3': 1, '4': 0, '5': 0, '6': 0, '7': 1, '8': 1, '9': 10, '10': 0, '11': 1, '12': 1, '13': 0, '14': 0, '15': 0, '16': 1, '17': 0}"
138,Siemens,2017,Germany,Industries,135.42,1440,3,3,3,"{'0': 0, '1': 0, '2': 0, '3': 1, '4': 0, '5': 0, '6': 0, '7': 1, '8': 2, '9': 2, '10': 0, '11': 0, '12': 0, '13': 0, '14': 0, '15': 0, '16': 0, '17': 0}"
139,Siemens,2019,Germany,Industries,135.42,1567,10,9,9,"{'0': 0, '1': 0, '2': 0, '3': 4, '4': 0, '5': 0, '6': 0, '7': 1, '8': 0, '9': 6, '10': 0, '11': 1, '12': 1, '13': 0, '14': 0, '15': 0, '16': 0, '17': 1}"
140,Siemens,2021,Germany,Industries,135.42,1938,13,9,9,"{'0': 0, '1': 0, '2': 0, '3': 2, '4': 0, '5': 0, '6': 0, '7': 0, '8': 0, '9': 8, '10': 0, '11': 0, '12': 0, '13': 0, '14': 0, '15': 0, '16': 1, '17': 0}"
141,Siemens,2020,Germany,Industries,135.42,1614,7,7,7,"{'0': 0, '1': 0, '2': 0, '3': 2, '4': 0, '5': 0, '6': 0, '7': 0, '8': 0, '9': 5, '10': 0, '11': 1, '12': 0, '13': 0, '14': 0, '15': 0, '16': 1, '17': 0}"
142,Siemens,2018,Germany,Industries,135.42,1440,3,3,3,"{'0': 0, '1': 0, '2': 0, '3': 1, '4': 0, '5': 0, '6': 0, '7': 0, '8': 2, '9': 2, '10': 0, '11': 0, '12': 0, '13': 0, '14': 0, '15': 0, '16': 0, '17': 0}"
143,Siemens,2016,Germany,Industries,135.42,1249,3,2,2,"{'0': 0, '1': 0, '2': 0, '3': 0, '4': 0, '5': 0, '6': 0, '7': 2, '8': 0, '9': 2, '10': 0, '11': 0, '12': 0, '13': 0, '14': 0, '15': 0, '16': 0, '17': 0}"
144,Deutsche Telekom,2022,Germany,Communication Services,130.56,3268,30,22,22,"{'0': 0, '1': 0, '2': 0, '3': 0, '4': 3, '5': 0, '6': 0, '7': 3, '8': 3, '9': 14, '10': 0, '11': 2, '12': 0, '13': 0, '14': 0, '15': 0, '16': 3, '17': 0}"
145,Deutsche Telekom,2023,Germany,Communication Services,130.56,3274,70,50,46,"{'0': 0, '1': 0, '2': 0, '3': 3, '4': 5, '5': 0, '6': 0, '7': 3, '8': 15, '9': 31, '10': 0, '11': 2, '12': 0, '13': 0, '14': 0, '15': 0, '16': 11, '17': 2}"
146,Deutsche Telekom,2017,Germany,Communication Services,130.56,2736,6,3,3,"{'0': 0, '1': 0, '2': 0, '3': 0, '4': 0, '5': 0, '6': 0, '7': 0, '8': 2, '9': 3, '10': 0, '11': 0, '12': 0, '13': 0, '14': 0, '15': 0, '16': 1, '17': 0}"
147,Deutsche Telekom,2019,Germany,Communication Services,130.56,2811,20,15,14,"{'0': 0, '1': 0, '2': 0, '3': 0, '4': 1, '5': 0, '6': 0, '7': 0, '8': 3, '9': 12, '10': 0, '11': 2, '12': 0, '13': 0, '14': 0, '15': 0, '16': 2, '17': 0}"
148,Deutsche Telekom,2021,Germany,Communication Services,130.56,3112,29,22,21,"{'0': 0, '1': 0, '2': 0, '3': 0, '4': 1, '5': 0, '6': 0, '7': 1, '8': 6, '9': 16, '10': 0, '11': 0, '12': 0, '13': 3, '14': 0, '15': 0, '16': 3, '17': 1}"
149,Deutsche Telekom,2020,Germany,Communication Services,130.56,2959,21,15,15,"{'0': 0, '1': 0, '2': 0, '3': 0, '4': 1, '5': 0, '6': 0, '7': 1, '8': 3, '9': 12, '10': 0, '11': 1, '12': 0, '13': 0, '14': 0, '15': 1, '16': 1, '17': 0}"
150,Deutsche Telekom,2016,Germany,Communication Services,130.56,2482,2,1,1,"{'0': 0, '1': 0, '2': 0, '3': 0, '4': 0, '5': 0, '6': 0, '7': 0, '8': 1, '9': 1, '10': 0, '11': 0, '12': 0, '13': 0, '14': 0, '15': 0, '16': 0, '17': 0}"
151,DHL Group,2022,Germany,Industries,49.82,1460,1,0,0,"{'0': 0, '1': 0, '2': 0, '3': 0, '4': 0, '5': 0, '6': 0, '7': 0, '8': 0, '9': 0, '10': 0, '11': 0, '12': 0, '13': 0, '14': 0, '15': 0, '16': 0, '17': 0}"
152,DHL Group,2023,Germany,Industries,49.82,1694,3,0,0,"{'0': 0, '1': 0, '2': 0, '3': 0, '4': 0, '5': 0, '6': 0, '7': 0, '8': 0, '9': 0, '10': 0, '11': 0, '12': 0, '13': 0, '14': 0, '15': 0, '16': 0, '17': 0}"
153,DHL Group,2019,Germany,Industries,49.82,1343,1,0,0,"{'0': 0, '1': 0, '2': 0, '3': 0, '4': 0, '5': 0, '6': 0, '7': 0, '8': 0, '9': 0, '10': 0, '11': 0, '12': 0, '13': 0, '14': 0, '15': 0, '16': 0, '17': 0}"
154,DHL Group,2021,Germany,Industries,49.82,1323,1,0,0,"{'0': 0, '1': 0, '2': 0, '3': 0, '4': 0, '5': 0, '6': 0, '7': 0, '8': 0, '9': 0, '10': 0, '11': 0, '12': 0, '13': 0, '14': 0, '15': 0, '16': 0, '17': 0}"
155,DHL Group,2020,Germany,Industries,49.82,1460,1,0,0,"{'0': 0, '1': 0, '2': 0, '3': 0, '4': 0, '5': 0, '6': 0, '7': 0, '8': 0, '9': 0, '10': 0, '11': 0, '12': 0, '13': 0, '14': 0, '15': 0, '16': 0, '17': 0}"
156,Siemens Healthineers,2022,Germany,Health Care,58.91,1231,19,15,15,"{'0': 0, '1': 0, '2': 0, '3': 13, '4': 0, '5': 0, '6': 0, '7': 0, '8': 1, '9': 6, '10': 0, '11': 0, '12': 0, '13': 0, '14': 0, '15': 0, '16': 0, '17': 0}"
157,Siemens Healthineers,2023,Germany,Health Care,58.91,1280,13,8,8,"{'0': 0, '1': 0, '2': 0, '3': 7, '4': 0, '5': 0, '6': 0, '7': 0, '8': 1, '9': 3, '10': 0, '11': 0, '12': 0, '13': 0, '14': 0, '15': 0, '16': 0, '17': 0}"
158,Siemens Healthineers,2021,Germany,Health Care,58.91,1117,13,12,11,"{'0': 0, '1': 0, '2': 0, '3': 10, '4': 0, '5': 0, '6': 0, '7': 0, '8': 0, '9': 4, '10': 0, '11': 0, '12': 1, '13': 0, '14': 0, '15': 0, '16': 0, '17': 0}"
159,Siemens Healthineers,2020,Germany,Health Care,58.91,1127,10,10,10,"{'0': 0, '1': 0, '2': 0, '3': 8, '4': 0, '5': 0, '6': 0, '7': 0, '8': 1, '9': 3, '10': 0, '11': 0, '12': 1, '13': 0, '14': 0, '15': 0, '16': 0, '17': 0}"
160,BASF,2022,Germany,Industries,42.93,2499,6,5,5,"{'0': 0, '1': 0, '2': 0, '3': 0, '4': 0, '5': 0, '6': 0, '7': 1, '8': 0, '9': 5, '10': 0, '11': 0, '12': 3, '13': 0, '14': 0, '15': 0, '16': 0, '17': 0}"
161,BASF,2023,Germany,Industries,42.93,2675,8,8,8,"{'0': 0, '1': 0, '2': 0, '3': 0, '4': 2, '5': 0, '6': 0, '7': 0, '8': 1, '9': 5, '10': 0, '11': 0, '12': 2, '13': 1, '14': 0, '15': 0, '16': 1, '17': 0}"
162,BASF,2019,Germany,Industries,42.93,2474,3,2,2,"{'0': 0, '1': 0, '2': 0, '3': 0, '4': 0, '5': 0, '6': 0, '7': 2, '8': 0, '9': 2, '10': 0, '11': 0, '12': 0, '13': 0, '14': 0, '15': 0, '16': 0, '17': 0}"
163,BASF,2021,Germany,Industries,42.93,2444,2,2,2,"{'0': 0, '1': 0, '2': 0, '3': 0, '4': 0, '5': 0, '6': 0, '7': 0, '8': 0, '9': 2, '10': 0, '11': 0, '12': 1, '13': 0, '14': 0, '15': 0, '16': 0, '17': 1}"
164,BASF,2020,Germany,Industries,42.93,2757,5,5,5,"{'0': 0, '1': 0, '2': 1, '3': 0, '4': 0, '5': 0, '6': 0, '7': 1, '8': 0, '9': 5, '10': 0, '11': 0, '12': 2, '13': 0, '14': 0, '15': 0, '16': 0, '17': 0}"
165,BASF,2018,Germany,Industries,42.93,2433,3,2,2,"{'0': 0, '1': 0, '2': 0, '3': 0, '4': 0, '5': 0, '6': 0, '7': 1, '8': 0, '9': 2, '10': 0, '11': 0, '12': 1, '13': 0, '14': 0, '15': 0, '16': 0, '17': 0}"
166,Beiersdorf,2022,Germany,Consumer Staples,32.13,2060,12,10,10,"{'0': 0, '1': 0, '2': 0, '3': 4, '4': 0, '5': 0, '6': 0, '7': 1, '8': 0, '9': 7, '10': 0, '11': 0, '12': 4, '13': 0, '14': 0, '15': 0, '16': 0, '17': 0}"
167,Beiersdorf,2023,Germany,Consumer Staples,32.13,2094,15,14,14,"{'0': 0, '1': 0, '2': 0, '3': 6, '4': 1, '5': 0, '6': 0, '7': 1, '8': 1, '9': 11, '10': 0, '11': 0, '12': 2, '13': 0, '14': 0, '15': 0, '16': 0, '17': 1}"
168,Beiersdorf,2019,Germany,Consumer Staples,32.13,1041,1,1,1,"{'0': 0, '1': 0, '2': 0, '3': 1, '4': 0, '5': 0, '6': 0, '7': 0, '8': 0, '9': 0, '10': 0, '11': 0, '12': 0, '13': 0, '14': 0, '15': 0, '16': 0, '17': 0}"
169,Beiersdorf,2021,Germany,Consumer Staples,32.13,1767,21,18,18,"{'0': 0, '1': 0, '2': 0, '3': 15, '4': 0, '5': 0, '6': 0, '7': 0, '8': 1, '9': 7, '10': 0, '11': 0, '12': 1, '13': 0, '14': 0, '15': 0, '16': 0, '17': 1}"
170,Beiersdorf,2020,Germany,Consumer Staples,32.13,1544,4,2,2,"{'0': 0, '1': 0, '2': 0, '3': 0, '4': 0, '5': 0, '6': 0, '7': 0, '8': 0, '9': 1, '10': 0, '11': 0, '12': 2, '13': 0, '14': 0, '15': 0, '16': 0, '17': 0}"
171,Deutsche Börse,2022,Germany,Financials,41.91,1945,3,0,0,"{'0': 0, '1': 0, '2': 0, '3': 0, '4': 0, '5': 0, '6': 0, '7': 0, '8': 0, '9': 0, '10': 0, '11': 0, '12': 0, '13': 0, '14': 0, '15': 0, '16': 0, '17': 0}"
172,Deutsche Börse,2023,Germany,Financials,41.91,2226,8,6,4,"{'0': 1, '1': 0, '2': 0, '3': 0, '4': 0, '5': 0, '6': 0, '7': 0, '8': 3, '9': 4, '10': 0, '11': 0, '12': 0, '13': 0, '14': 0, '15': 0, '16': 0, '17': 0}"
173,Deutsche Börse,2017,Germany,Financials,41.91,2197,7,4,3,"{'0': 0, '1': 0, '2': 0, '3': 0, '4': 0, '5': 0, '6': 0, '7': 0, '8': 3, '9': 3, '10': 0, '11': 0, '12': 0, '13': 0, '14': 0, '15': 0, '16': 0, '17': 0}"
174,Deutsche Börse,2019,Germany,Financials,41.91,1878,1,0,0,"{'0': 0, '1': 0, '2': 0, '3': 0, '4': 0, '5': 0, '6': 0, '7': 0, '8': 0, '9': 0, '10': 0, '11': 0, '12': 0, '13': 0, '14': 0, '15': 0, '16': 0, '17': 0}"
175,Deutsche Börse,2021,Germany,Financials,41.91,2047,6,0,0,"{'0': 0, '1': 0, '2': 0, '3': 0, '4': 0, '5': 0, '6': 0, '7': 0, '8': 0, '9': 0, '10': 0, '11': 0, '12': 0, '13': 0, '14': 0, '15': 0, '16': 0, '17': 0}"
176,Deutsche Börse,2020,Germany,Financials,41.91,1952,6,2,1,"{'0': 0, '1': 0, '2': 0, '3': 0, '4': 0, '5': 0, '6': 0, '7': 0, '8': 0, '9': 1, '10': 0, '11': 0, '12': 0, '13': 0, '14': 0, '15': 0, '16': 1, '17': 0}"
177,Deutsche Börse,2018,Germany,Financials,41.91,2491,2,0,0,"{'0': 0, '1': 0, '2': 0, '3': 0, '4': 0, '5': 0, '6': 0, '7': 0, '8': 0, '9': 0, '10': 0, '11': 0, '12': 0, '13': 0, '14': 0, '15': 0, '16': 0, '17': 0}"
178,Adidas,2023,Germany,Consumer Discretionary,244.57,2189,3,1,1,"{'0': 0, '1': 0, '2': 0, '3': 0, '4': 0, '5': 1, '6': 0, '7': 0, '8': 1, '9': 1, '10': 0, '11': 0, '12': 0, '13': 0, '14': 0, '15': 0, '16': 0, '17': 0}"
179,Adidas,2017,Germany,Consumer Discretionary,244.57,2121,1,0,0,"{'0': 0, '1': 0, '2': 0, '3': 0, '4': 0, '5': 0, '6': 0, '7': 0, '8': 0, '9': 0, '10': 0, '11': 0, '12': 0, '13': 0, '14': 0, '15': 0, '16': 0, '17': 0}"
180,Allianz,2022,Germany,Financials,106.68,2260,11,6,4,"{'0': 0, '1': 0, '2': 0, '3': 0, '4': 0, '5': 0, '6': 0, '7': 0, '8': 0, '9': 1, '10': 0, '11': 0, '12': 1, '13': 0, '14': 0, '15': 0, '16': 4, '17': 0}"
181,Allianz,2023,Germany,Financials,106.68,2784,17,13,13,"{'0': 0, '1': 0, '2': 0, '3': 0, '4': 1, '5': 0, '6': 0, '7': 0, '8': 1, '9': 5, '10': 0, '11': 0, '12': 2, '13': 1, '14': 0, '15': 0, '16': 8, '17': 1}"
182,Allianz,2015,Germany,Financials,106.68,2197,1,0,0,"{'0': 0, '1': 0, '2': 0, '3': 0, '4': 0, '5': 0, '6': 0, '7': 0, '8': 0, '9': 0, '10': 0, '11': 0, '12': 0, '13': 0, '14': 0, '15': 0, '16': 0, '17': 0}"
183,Allianz,2019,Germany,Financials,106.68,1817,2,1,0,"{'0': 1, '1': 0, '2': 0, '3': 0, '4': 0, '5': 0, '6': 0, '7': 0, '8': 0, '9': 0, '10': 0, '11': 0, '12': 0, '13': 0, '14': 0, '15': 0, '16': 0, '17': 0}"
184,Allianz,2021,Germany,Financials,106.68,2037,6,3,3,"{'0': 0, '1': 0, '2': 0, '3': 0, '4': 0, '5': 0, '6': 0, '7': 0, '8': 1, '9': 0, '10': 0, '11': 0, '12': 0, '13': 0, '14': 0, '15': 0, '16': 2, '17': 0}"
185,Allianz,2020,Germany,Financials,106.68,1968,4,2,2,"{'0': 0, '1': 0, '2': 0, '3': 0, '4': 0, '5': 0, '6': 0, '7': 0, '8': 1, '9': 1, '10': 0, '11': 0, '12': 0, '13': 0, '14': 0, '15': 0, '16': 1, '17': 0}"
186,Allianz,2018,Germany,Financials,106.68,1799,3,0,0,"{'0': 0, '1': 0, '2': 0, '3': 0, '4': 0, '5': 0, '6': 0, '7': 0, '8': 0, '9': 0, '10': 0, '11': 0, '12': 0, '13': 0, '14': 0, '15': 0, '16': 0, '17': 0}"
187,Allianz,2016,Germany,Financials,106.68,1498,2,0,0,"{'0': 0, '1': 0, '2': 0, '3': 0, '4': 0, '5': 0, '6': 0, '7': 0, '8': 0, '9': 0, '10': 0, '11': 0, '12': 0, '13': 0, '14': 0, '15': 0, '16': 0, '17': 0}"
188,Henkel,2023,Germany,Consumer Staples,35.64,2046,4,2,2,"{'0': 0, '1': 0, '2': 0, '3': 0, '4': 0, '5': 0, '6': 0, '7': 0, '8': 0, '9': 2, '10': 0, '11': 0, '12': 1, '13': 0, '14': 0, '15': 0, '16': 0, '17': 0}"
189,Henkel,2019,Germany,Consumer Staples,35.64,1841,1,1,1,"{'0': 0, '1': 0, '2': 0, '3': 0, '4': 0, '5': 0, '6': 0, '7': 0, '8': 0, '9': 1, '10': 0, '11': 0, '12': 1, '13': 0, '14': 0, '15': 0, '16': 0, '17': 0}"
190,Henkel,2021,Germany,Consumer Staples,35.64,1858,4,4,3,"{'0': 0, '1': 0, '2': 0, '3': 0, '4': 0, '5': 0, '6': 0, '7': 0, '8': 0, '9': 3, '10': 0, '11': 0, '12': 1, '13': 0, '14': 0, '15': 0, '16': 0, '17': 1}"
191,Henkel,2020,Germany,Consumer Staples,35.64,1917,4,4,4,"{'0': 0, '1': 0, '2': 0, '3': 0, '4': 0, '5': 0, '6': 0, '7': 0, '8': 1, '9': 3, '10': 0, '11': 0, '12': 2, '13': 0, '14': 0, '15': 0, '16': 0, '17': 0}"
192,Henkel,2018,Germany,Consumer Staples,35.64,1741,1,1,1,"{'0': 0, '1': 0, '2': 0, '3': 0, '4': 0, '5': 0, '6': 0, '7': 0, '8': 0, '9': 1, '10': 0, '11': 0, '12': 1, '13': 0, '14': 0, '15': 0, '16': 0, '17': 0}"
193,Infineon,2022,Germany,Industries,41.66,1276,7,5,4,"{'0': 0, '1': 0, '2': 0, '3': 0, '4': 0, '5': 0, '6': 0, '7': 1, '8': 1, '9': 4, '10': 0, '11': 0, '12': 0, '13': 0, '14': 0, '15': 0, '16': 0, '17': 0}"
194,Infineon,2023,Germany,Industries,41.66,1310,19,14,14,"{'0': 0, '1': 0, '2': 0, '3': 0, '4': 0, '5': 0, '6': 0, '7': 5, '8': 1, '9': 14, '10': 0, '11': 0, '12': 0, '13': 0, '14': 0, '15': 0, '16': 0, '17': 0}"
195,Infineon,2017,Germany,Industries,41.66,1512,1,1,0,"{'0': 1, '1': 0, '2': 0, '3': 0, '4': 0, '5': 0, '6': 0, '7': 0, '8': 0, '9': 0, '10': 0, '11': 0, '12': 0, '13': 0, '14': 0, '15': 0, '16': 0, '17': 0}"
196,Infineon,2019,Germany,Industries,41.66,1679,3,2,2,"{'0': 0, '1': 0, '2': 0, '3': 0, '4': 0, '5': 0, '6': 0, '7': 1, '8': 0, '9': 2, '10': 0, '11': 0, '12': 0, '13': 0, '14': 0, '15': 0, '16': 0, '17': 0}"
197,Infineon,2021,Germany,Industries,41.66,1883,19,12,10,"{'0': 0, '1': 0, '2': 0, '3': 1, '4': 0, '5': 0, '6': 0, '7': 2, '8': 0, '9': 9, '10': 0, '11': 0, '12': 0, '13': 0, '14': 0, '15': 0, '16': 0, '17': 1}"
198,Infineon,2020,Germany,Industries,41.66,1929,19,16,14,"{'0': 0, '1': 0, '2': 0, '3': 0, '4': 0, '5': 0, '6': 0, '7': 3, '8': 1, '9': 12, '10': 0, '11': 1, '12': 2, '13': 0, '14': 0, '15': 0, '16': 1, '17': 0}"
199,Infineon,2018,Germany,Industries,41.66,1484,9,8,6,"{'0': 1, '1': 0, '2': 0, '3': 0, '4': 0, '5': 0, '6': 0, '7': 0, '8': 0, '9': 6, '10': 0, '11': 3, '12': 0, '13': 0, '14': 0, '15': 0, '16': 0, '17': 0}"
200,Hannover Rück,2023,Germany,Financials,33.67,1912,11,5,5,"{'0': 0, '1': 0, '2': 0, '3': 0, '4': 0, '5': 0, '6': 0, '7': 1, '8': 3, '9': 3, '10': 0, '11': 0, '12': 0, '13': 0, '14': 0, '15': 0, '16': 0, '17': 0}"
201,BMW,2022,Germany,Industries,55.03,2650,6,4,4,"{'0': 0, '1': 0, '2': 0, '3': 0, '4': 0, '5': 0, '6': 0, '7': 0, '8': 0, '9': 4, '10': 0, '11': 2, '12': 2, '13': 1, '14': 0, '15': 0, '16': 0, '17': 0}"
202,BMW,2017,Germany,Industries,55.03,1650,1,0,0,"{'0': 0, '1': 0, '2': 0, '3': 0, '4': 0, '5': 0, '6': 0, '7': 0, '8': 0, '9': 0, '10': 0, '11': 0, '12': 0, '13': 0, '14': 0, '15': 0, '16': 0, '17': 0}"
203,BMW,2019,Germany,Industries,55.03,1713,2,1,1,"{'0': 0, '1': 0, '2': 0, '3': 0, '4': 0, '5': 0, '6': 0, '7': 0, '8': 0, '9': 1, '10': 0, '11': 0, '12': 0, '13': 0, '14': 0, '15': 0, '16': 0, '17': 0}"
204,BMW,2021,Germany,Industries,55.03,2640,8,7,7,"{'0': 0, '1': 0, '2': 0, '3': 2, '4': 1, '5': 0, '6': 0, '7': 0, '8': 1, '9': 7, '10': 0, '11': 2, '12': 0, '13': 0, '14': 0, '15': 0, '16': 0, '17': 0}"
205,BMW,2020,Germany,Industries,55.03,2393,8,8,8,"{'0': 0, '1': 0, '2': 0, '3': 1, '4': 0, '5': 0, '6': 0, '7': 0, '8': 0, '9': 8, '10': 0, '11': 4, '12': 0, '13': 1, '14': 0, '15': 0, '16': 0, '17': 1}"
206,BMW,2018,Germany,Industries,55.03,1706,4,4,4,"{'0': 0, '1': 0, '2': 0, '3': 0, '4': 0, '5': 0, '6': 0, '7': 0, '8': 2, '9': 4, '10': 0, '11': 2, '12': 0, '13': 0, '14': 0, '15': 0, '16': 0, '17': 0}"
207,Mercedes-Benz,2022,Germany,Consumer Discretionary,68.14,2463,2,1,1,"{'0': 0, '1': 0, '2': 0, '3': 0, '4': 1, '5': 0, '6': 0, '7': 0, '8': 0, '9': 0, '10': 0, '11': 0, '12': 0, '13': 0, '14': 0, '15': 0, '16': 0, '17': 0}"
208,Mercedes-Benz,2023,Germany,Consumer Discretionary,68.14,2586,3,2,2,"{'0': 0, '1': 0, '2': 0, '3': 0, '4': 1, '5': 0, '6': 0, '7': 0, '8': 1, '9': 1, '10': 0, '11': 0, '12': 0, '13': 0, '14': 0, '15': 0, '16': 0, '17': 0}"
209,Mercedes-Benz,2019,Germany,Consumer Discretionary,68.14,2926,3,1,1,"{'0': 0, '1': 0, '2': 0, '3': 0, '4': 0, '5': 0, '6': 0, '7': 1, '8': 0, '9': 1, '10': 0, '11': 1, '12': 0, '13': 0, '14': 0, '15': 0, '16': 0, '17': 0}"
210,Mercedes-Benz,2020,Germany,Consumer Discretionary,68.14,2436,3,3,3,"{'0': 0, '1': 0, '2': 0, '3': 0, '4': 0, '5': 0, '6': 0, '7': 0, '8': 0, '9': 3, '10': 0, '11': 2, '12': 1, '13': 0, '14': 0, '15': 0, '16': 0, '17': 0}"
211,Mercedes-Benz,2018,Germany,Consumer Discretionary,68.14,2932,6,6,4,"{'0': 1, '1': 0, '2': 0, '3': 0, '4': 0, '5': 0, '6': 0, '7': 1, '8': 0, '9': 3, '10': 0, '11': 3, '12': 0, '13': 0, '14': 0, '15': 0, '16': 0, '17': 0}"
212,Mercedes-Benz,2016,Germany,Consumer Discretionary,68.14,2436,1,0,0,"{'0': 0, '1': 0, '2': 0, '3': 0, '4': 0, '5': 0, '6': 0, '7': 0, '8': 0, '9': 0, '10': 0, '11': 0, '12': 0, '13': 0, '14': 0, '15': 0, '16': 0, '17': 0}"
213,EON,2022,Germany,Energy,38.46,3038,3,1,1,"{'0': 0, '1': 0, '2': 0, '3': 0, '4': 0, '5': 0, '6': 0, '7': 1, '8': 0, '9': 0, '10': 0, '11': 0, '12': 0, '13': 1, '14': 0, '15': 0, '16': 0, '17': 0}"
214,EON,2023,Germany,Energy,38.46,2729,4,3,2,"{'0': 0, '1': 0, '2': 0, '3': 0, '4': 0, '5': 0, '6': 0, '7': 2, '8': 0, '9': 1, '10': 0, '11': 0, '12': 0, '13': 1, '14': 0, '15': 0, '16': 0, '17': 0}"
215,EON,2015,Germany,Energy,38.46,1758,1,1,1,"{'0': 0, '1': 0, '2': 0, '3': 0, '4': 0, '5': 0, '6': 0, '7': 1, '8': 0, '9': 1, '10': 0, '11': 0, '12': 0, '13': 0, '14': 0, '15': 0, '16': 0, '17': 0}"
216,EON,2019,Germany,Energy,38.46,1960,2,1,1,"{'0': 0, '1': 0, '2': 0, '3': 0, '4': 0, '5': 0, '6': 0, '7': 0, '8': 0, '9': 1, '10': 0, '11': 0, '12': 0, '13': 1, '14': 0, '15': 0, '16': 0, '17': 0}"
217,EON,2021,Germany,Energy,38.46,2479,3,0,0,"{'0': 0, '1': 0, '2': 0, '3': 0, '4': 0, '5': 0, '6': 0, '7': 0, '8': 0, '9': 0, '10': 0, '11': 0, '12': 0, '13': 0, '14': 0, '15': 0, '16': 0, '17': 0}"
218,EON,2020,Germany,Energy,38.46,2088,3,1,1,"{'0': 0, '1': 0, '2': 0, '3': 0, '4': 0, '5': 0, '6': 0, '7': 1, '8': 0, '9': 0, '10': 0, '11': 0, '12': 0, '13': 0, '14': 0, '15': 0, '16': 0, '17': 0}"
219,EON,2018,Germany,Energy,38.46,1812,1,1,1,"{'0': 0, '1': 0, '2': 0, '3': 0, '4': 0, '5': 0, '6': 0, '7': 1, '8': 0, '9': 1, '10': 0, '11': 0, '12': 0, '13': 0, '14': 0, '15': 0, '16': 0, '17': 0}"
220,Pingan Insurance,2022,China,Financials,100.07,893,9,7,7,"{'0': 0, '1': 0, '2': 0, '3': 0, '4': 0, '5': 1, '6': 0, '7': 0, '8': 4, '9': 7, '10': 0, '11': 0, '12': 0, '13': 1, '14': 0, '15': 0, '16': 2, '17': 0}"
221,Pingan Insurance,2023,China,Financials,100.07,900,6,4,4,"{'0': 0, '1': 0, '2': 0, '3': 1, '4': 0, '5': 0, '6': 0, '7': 0, '8': 2, '9': 4, '10': 0, '11': 0, '12': 0, '13': 0, '14': 0, '15': 0, '16': 2, '17': 0}"
222,Pingan Insurance,2017,China,Financials,100.07,832,18,18,16,"{'0': 1, '1': 1, '2': 0, '3': 7, '4': 0, '5': 0, '6': 0, '7': 0, '8': 11, '9': 16, '10': 0, '11': 4, '12': 0, '13': 1, '14': 0, '15': 0, '16': 3, '17': 0}"
223,Pingan Insurance,2019,China,Financials,100.07,892,18,15,15,"{'0': 0, '1': 0, '2': 0, '3': 4, '4': 0, '5': 0, '6': 0, '7': 0, '8': 9, '9': 13, '10': 0, '11': 0, '12': 0, '13': 0, '14': 0, '15': 0, '16': 3, '17': 0}"
224,Pingan Insurance,2021,China,Financials,100.07,926,27,24,22,"{'0': 1, '1': 1, '2': 0, '3': 5, '4': 0, '5': 0, '6': 0, '7': 0, '8': 14, '9': 19, '10': 0, '11': 1, '12': 1, '13': 1, '14': 0, '15': 0, '16': 5, '17': 0}"
225,Pingan Insurance,2020,China,Financials,100.07,911,31,27,26,"{'0': 0, '1': 0, '2': 1, '3': 11, '4': 2, '5': 0, '6': 0, '7': 0, '8': 10, '9': 18, '10': 0, '11': 2, '12': 4, '13': 1, '14': 0, '15': 0, '16': 5, '17': 4}"
226,Pingan Insurance,2018,China,Financials,100.07,913,23,22,21,"{'0': 0, '1': 1, '2': 0, '3': 8, '4': 2, '5': 0, '6': 0, '7': 0, '8': 8, '9': 16, '10': 0, '11': 2, '12': 0, '13': 0, '14': 0, '15': 0, '16': 6, '17': 0}"
227,Kweichow Moutai,2023,China,Consumer Staples,243.08,431,1,1,0,"{'0': 1, '1': 0, '2': 0, '3': 0, '4': 0, '5': 0, '6': 0, '7': 0, '8': 0, '9': 0, '10': 0, '11': 0, '12': 0, '13': 0, '14': 0, '15': 0, '16': 0, '17': 0}"
228,ICBC,2022,China,Financials,267.08,845,3,3,3,"{'0': 0, '1': 0, '2': 0, '3': 0, '4': 0, '5': 0, '6': 0, '7': 0, '8': 1, '9': 2, '10': 0, '11': 0, '12': 0, '13': 0, '14': 0, '15': 0, '16': 3, '17': 0}"
229,ICBC,2023,China,Financials,267.08,862,6,5,4,"{'0': 0, '1': 1, '2': 1, '3': 0, '4': 2, '5': 0, '6': 0, '7': 0, '8': 2, '9': 1, '10': 0, '11': 0, '12': 0, '13': 0, '14': 0, '15': 0, '16': 1, '17': 0}"
230,ICBC,2017,China,Financials,267.08,849,3,3,3,"{'0': 0, '1': 0, '2': 0, '3': 0, '4': 0, '5': 0, '6': 0, '7': 0, '8': 2, '9': 2, '10': 0, '11': 0, '12': 0, '13': 0, '14': 0, '15': 0, '16': 1, '17': 0}"
231,ICBC,2019,China,Financials,267.08,853,4,3,3,"{'0': 0, '1': 0, '2': 0, '3': 0, '4': 0, '5': 0, '6': 0, '7': 0, '8': 3, '9': 3, '10': 0, '11': 0, '12': 0, '13': 0, '14': 0, '15': 0, '16': 0, '17': 0}"
232,ICBC,2021,China,Financials,267.08,829,4,3,3,"{'0': 0, '1': 0, '2': 1, '3': 0, '4': 0, '5': 0, '6': 0, '7': 0, '8': 1, '9': 3, '10': 0, '11': 0, '12': 0, '13': 1, '14': 0, '15': 0, '16': 0, '17': 0}"
233,ICBC,2020,China,Financials,267.08,854,4,3,3,"{'0': 0, '1': 0, '2': 0, '3': 1, '4': 0, '5': 0, '6': 0, '7': 0, '8': 1, '9': 3, '10': 0, '11': 0, '12': 0, '13': 0, '14': 0, '15': 0, '16': 2, '17': 0}"
234,ICBC,2018,China,Financials,267.08,896,1,1,1,"{'0': 0, '1': 0, '2': 0, '3': 0, '4': 0, '5': 0, '6': 0, '7': 0, '8': 1, '9': 1, '10': 0, '11': 0, '12': 0, '13': 0, '14': 0, '15': 0, '16': 1, '17': 0}"
235,ICBC,2016,China,Financials,267.08,854,2,2,2,"{'0': 0, '1': 0, '2': 0, '3': 0, '4': 0, '5': 0, '6': 0, '7': 0, '8': 2, '9': 2, '10': 0, '11': 0, '12': 0, '13': 0, '14': 0, '15': 0, '16': 0, '17': 0}"
236,China Construction Bank,2022,China,Financials,178.16,995,6,6,6,"{'0': 0, '1': 0, '2': 1, '3': 0, '4': 1, '5': 0, '6': 0, '7': 0, '8': 4, '9': 3, '10': 0, '11': 0, '12': 0, '13': 0, '14': 0, '15': 0, '16': 1, '17': 0}"
237,China Construction Bank,2023,China,Financials,178.16,1090,9,8,6,"{'0': 1, '1': 0, '2': 0, '3': 0, '4': 0, '5': 0, '6': 0, '7': 0, '8': 4, '9': 6, '10': 0, '11': 0, '12': 0, '13': 0, '14': 0, '15': 0, '16': 2, '17': 0}"
238,China Construction Bank,2017,China,Financials,178.16,676,5,4,4,"{'0': 0, '1': 1, '2': 0, '3': 0, '4': 0, '5': 0, '6': 0, '7': 0, '8': 4, '9': 3, '10': 1, '11': 0, '12': 0, '13': 0, '14': 0, '15': 0, '16': 1, '17': 0}"
239,China Construction Bank,2019,China,Financials,178.16,788,6,5,5,"{'0': 0, '1': 3, '2': 0, '3': 0, '4': 0, '5': 0, '6': 0, '7': 0, '8': 4, '9': 5, '10': 1, '11': 1, '12': 0, '13': 0, '14': 0, '15': 0, '16': 1, '17': 0}"
240,China Construction Bank,2021,China,Financials,178.16,861,4,4,4,"{'0': 0, '1': 0, '2': 0, '3': 0, '4': 0, '5': 0, '6': 0, '7': 0, '8': 3, '9': 3, '10': 0, '11': 0, '12': 0, '13': 0, '14': 0, '15': 0, '16': 2, '17': 1}"
241,China Construction Bank,2020,China,Financials,178.16,834,7,6,4,"{'0': 0, '1': 1, '2': 0, '3': 0, '4': 0, '5': 0, '6': 0, '7': 0, '8': 2, '9': 1, '10': 0, '11': 0, '12': 0, '13': 0, '14': 0, '15': 0, '16': 4, '17': 0}"
242,China Construction Bank,2018,China,Financials,178.16,1031,8,7,5,"{'0': 0, '1': 1, '2': 0, '3': 0, '4': 0, '5': 0, '6': 0, '7': 0, '8': 4, '9': 5, '10': 0, '11': 1, '12': 0, '13': 0, '14': 0, '15': 0, '16': 2, '17': 1}"
243,Agricultural Bank Of China,2022,China,Financials,221.35,914,1,1,1,"{'0': 0, '1': 0, '2': 0, '3': 0, '4': 0, '5': 0, '6': 0, '7': 0, '8': 1, '9': 1, '10': 0, '11': 0, '12': 0, '13': 0, '14': 0, '15': 0, '16': 0, '17': 0}"
244,Agricultural Bank Of China,2023,China,Financials,221.35,929,2,2,2,"{'0': 0, '1': 0, '2': 0, '3': 0, '4': 0, '5': 0, '6': 0, '7': 0, '8': 0, '9': 2, '10': 1, '11': 1, '12': 0, '13': 0, '14': 0, '15': 0, '16': 1, '17': 0}"
245,Agricultural Bank Of China,2017,China,Financials,221.35,811,3,3,3,"{'0': 0, '1': 0, '2': 0, '3': 0, '4': 0, '5': 0, '6': 0, '7': 0, '8': 3, '9': 3, '10': 0, '11': 0, '12': 0, '13': 0, '14': 0, '15': 0, '16': 0, '17': 1}"
246,Agricultural Bank Of China,2019,China,Financials,221.35,900,2,2,2,"{'0': 0, '1': 0, '2': 0, '3': 0, '4': 0, '5': 0, '6': 0, '7': 0, '8': 2, '9': 2, '10': 0, '11': 0, '12': 0, '13': 0, '14': 0, '15': 0, '16': 0, '17': 0}"
247,Agricultural Bank Of China,2021,China,Financials,221.35,936,1,1,1,"{'0': 0, '1': 0, '2': 0, '3': 0, '4': 0, '5': 0, '6': 0, '7': 0, '8': 1, '9': 1, '10': 0, '11': 0, '12': 0, '13': 0, '14': 0, '15': 0, '16': 1, '17': 0}"
248,Agricultural Bank Of China,2020,China,Financials,221.35,929,3,3,3,"{'0': 0, '1': 2, '2': 0, '3': 0, '4': 0, '5': 0, '6': 0, '7': 0, '8': 3, '9': 3, '10': 0, '11': 0, '12': 0, '13': 0, '14': 0, '15': 0, '16': 0, '17': 0}"
249,Agricultural Bank Of China,2018,China,Financials,221.35,915,2,2,2,"{'0': 0, '1': 0, '2': 0, '3': 0, '4': 0, '5': 0, '6': 0, '7': 0, '8': 1, '9': 1, '10': 0, '11': 0, '12': 0, '13': 0, '14': 0, '15': 0, '16': 2, '17': 0}"
250,BYD,2022,China,Industries,98.15,1753,4,4,4,"{'0': 0, '1': 0, '2': 0, '3': 0, '4': 0, '5': 0, '6': 0, '7': 2, '8': 1, '9': 4, '10': 0, '11': 0, '12': 1, '13': 0, '14': 0, '15': 0, '16': 0, '17': 0}"
251,BYD,2023,China,Industries,98.15,1631,20,12,10,"{'0': 1, '1': 0, '2': 0, '3': 0, '4': 0, '5': 0, '6': 0, '7': 1, '8': 0, '9': 10, '10': 0, '11': 3, '12': 1, '13': 0, '14': 0, '15': 0, '16': 0, '17': 0}"
252,BYD,2021,China,Industries,98.15,1506,2,2,2,"{'0': 0, '1': 0, '2': 0, '3': 1, '4': 0, '5': 0, '6': 0, '7': 1, '8': 0, '9': 2, '10': 0, '11': 2, '12': 2, '13': 0, '14': 0, '15': 0, '16': 0, '17': 0}"
253,BYD,2020,China,Industries,98.15,1406,4,4,4,"{'0': 0, '1': 0, '2': 0, '3': 1, '4': 0, '5': 0, '6': 0, '7': 0, '8': 0, '9': 4, '10': 0, '11': 0, '12': 0, '13': 0, '14': 0, '15': 0, '16': 0, '17': 0}"
254,Alibaba,2022,China,Information Technology,187.26,1022,14,10,8,"{'0': 1, '1': 0, '2': 0, '3': 0, '4': 1, '5': 0, '6': 0, '7': 0, '8': 3, '9': 7, '10': 0, '11': 1, '12': 2, '13': 1, '14': 0, '15': 0, '16': 2, '17': 1}"
255,Alibaba,2023,China,Information Technology,187.26,1020,30,23,16,"{'0': 2, '1': 0, '2': 0, '3': 2, '4': 1, '5': 0, '6': 0, '7': 0, '8': 6, '9': 13, '10': 0, '11': 0, '12': 2, '13': 0, '14': 0, '15': 0, '16': 3, '17': 2}"
256,Alibaba,2021,China,Information Technology,187.26,1000,19,15,7,"{'0': 6, '1': 0, '2': 0, '3': 1, '4': 0, '5': 0, '6': 0, '7': 0, '8': 3, '9': 7, '10': 0, '11': 1, '12': 1, '13': 0, '14': 0, '15': 0, '16': 1, '17': 1}"
257,Alibaba,2020,China,Information Technology,187.26,1008,17,16,10,"{'0': 2, '1': 0, '2': 0, '3': 0, '4': 0, '5': 0, '6': 0, '7': 0, '8': 6, '9': 9, '10': 0, '11': 3, '12': 2, '13': 0, '14': 0, '15': 0, '16': 2, '17': 0}"
258,CM bank,2022,China,Financials,108.68,1042,1,1,1,"{'0': 0, '1': 0, '2': 0, '3': 0, '4': 0, '5': 0, '6': 0, '7': 0, '8': 1, '9': 1, '10': 0, '11': 0, '12': 0, '13': 0, '14': 0, '15': 0, '16': 0, '17': 0}"
259,CM bank,2023,China,Financials,108.68,1029,9,8,8,"{'0': 0, '1': 0, '2': 0, '3': 0, '4': 0, '5': 0, '6': 0, '7': 0, '8': 6, '9': 5, '10': 0, '11': 0, '12': 1, '13': 0, '14': 0, '15': 0, '16': 2, '17': 0}"
260,CM bank,2017,China,Financials,108.68,971,11,10,7,"{'0': 0, '1': 0, '2': 0, '3': 0, '4': 0, '5': 0, '6': 0, '7': 0, '8': 7, '9': 5, '10': 0, '11': 0, '12': 0, '13': 0, '14': 0, '15': 0, '16': 1, '17': 0}"
261,CM bank,2019,China,Financials,108.68,1073,4,4,3,"{'0': 1, '1': 0, '2': 0, '3': 0, '4': 0, '5': 0, '6': 0, '7': 0, '8': 1, '9': 3, '10': 0, '11': 0, '12': 0, '13': 0, '14': 0, '15': 0, '16': 0, '17': 0}"
262,CM bank,2021,China,Financials,108.68,1041,8,8,6,"{'0': 0, '1': 0, '2': 0, '3': 0, '4': 0, '5': 0, '6': 0, '7': 0, '8': 5, '9': 5, '10': 0, '11': 0, '12': 0, '13': 0, '14': 0, '15': 0, '16': 1, '17': 0}"
263,CM bank,2020,China,Financials,108.68,978,7,7,7,"{'0': 0, '1': 0, '2': 0, '3': 0, '4': 0, '5': 0, '6': 0, '7': 0, '8': 6, '9': 5, '10': 0, '11': 0, '12': 0, '13': 0, '14': 0, '15': 0, '16': 2, '17': 0}"
264,CM bank,2018,China,Financials,108.68,1046,6,6,5,"{'0': 0, '1': 0, '2': 0, '3': 0, '4': 0, '5': 0, '6': 0, '7': 0, '8': 4, '9': 5, '10': 0, '11': 0, '12': 0, '13': 0, '14': 0, '15': 0, '16': 0, '17': 0}"
265,CM bank,2016,China,Financials,108.68,931,7,7,7,"{'0': 0, '1': 0, '2': 0, '3': 0, '4': 0, '5': 0, '6': 0, '7': 0, '8': 7, '9': 5, '10': 0, '11': 0, '12': 0, '13': 0, '14': 0, '15': 0, '16': 0, '17': 0}"
266,CATL,2023,China,Industries,115.41,644,2,1,1,"{'0': 0, '1': 0, '2': 0, '3': 0, '4': 0, '5': 0, '6': 0, '7': 1, '8': 0, '9': 0, '10': 0, '11': 0, '12': 0, '13': 1, '14': 0, '15': 0, '16': 0, '17': 0}"
267,CATL,2021,China,Industries,115.41,577,1,1,1,"{'0': 0, '1': 0, '2': 0, '3': 0, '4': 0, '5': 0, '6': 0, '7': 0, '8': 0, '9': 1, '10': 0, '11': 0, '12': 0, '13': 0, '14': 0, '15': 0, '16': 0, '17': 0}"
268,China Mobile,2022,China,Communication Services,206.74,373,10,8,5,"{'0': 1, '1': 0, '2': 0, '3': 0, '4': 0, '5': 0, '6': 0, '7': 0, '8': 3, '9': 5, '10': 0, '11': 1, '12': 0, '13': 0, '14': 0, '15': 0, '16': 0, '17': 3}"
269,China Mobile,2023,China,Communication Services,206.74,376,13,10,5,"{'0': 2, '1': 0, '2': 0, '3': 0, '4': 0, '5': 0, '6': 0, '7': 0, '8': 2, '9': 5, '10': 0, '11': 0, '12': 0, '13': 0, '14': 0, '15': 0, '16': 1, '17': 2}"
270,China Mobile,2017,China,Communication Services,206.74,278,2,2,1,"{'0': 0, '1': 0, '2': 0, '3': 0, '4': 1, '5': 0, '6': 0, '7': 0, '8': 1, '9': 1, '10': 0, '11': 0, '12': 0, '13': 0, '14': 0, '15': 0, '16': 0, '17': 1}"
271,China Mobile,2019,China,Communication Services,206.74,312,9,4,0,"{'0': 4, '1': 0, '2': 0, '3': 0, '4': 0, '5': 0, '6': 0, '7': 0, '8': 0, '9': 0, '10': 0, '11': 0, '12': 0, '13': 0, '14': 0, '15': 0, '16': 0, '17': 0}"
272,China Mobile,2021,China,Communication Services,206.74,350,11,6,5,"{'0': 0, '1': 0, '2': 0, '3': 2, '4': 1, '5': 0, '6': 0, '7': 0, '8': 1, '9': 5, '10': 0, '11': 2, '12': 0, '13': 0, '14': 0, '15': 0, '16': 2, '17': 2}"
273,China Mobile,2020,China,Communication Services,206.74,325,8,4,2,"{'0': 1, '1': 0, '2': 0, '3': 1, '4': 1, '5': 0, '6': 0, '7': 0, '8': 1, '9': 2, '10': 0, '11': 1, '12': 0, '13': 0, '14': 0, '15': 0, '16': 0, '17': 1}"
274,China Mobile,2018,China,Communication Services,206.74,307,9,5,4,"{'0': 0, '1': 0, '2': 0, '3': 0, '4': 0, '5': 0, '6': 0, '7': 0, '8': 0, '9': 3, '10': 0, '11': 0, '12': 0, '13': 0, '14': 0, '15': 0, '16': 2, '17': 1}"
275,CNOOC,2018,China,Energy,124.7,452,1,1,1,"{'0': 0, '1': 0, '2': 0, '3': 0, '4': 0, '5': 0, '6': 0, '7': 1, '8': 1, '9': 1, '10': 0, '11': 0, '12': 1, '13': 0, '14': 0, '15': 0, '16': 0, '17': 0}"
276,Tencent,2022,China,Information Technology,428.32,559,9,6,4,"{'0': 0, '1': 0, '2': 0, '3': 0, '4': 0, '5': 0, '6': 0, '7': 0, '8': 3, '9': 4, '10': 0, '11': 1, '12': 0, '13': 0, '14': 0, '15': 0, '16': 1, '17': 2}"
277,Tencent,2023,China,Information Technology,428.32,554,6,4,3,"{'0': 0, '1': 0, '2': 0, '3': 1, '4': 1, '5': 0, '6': 0, '7': 0, '8': 2, '9': 3, '10': 0, '11': 0, '12': 0, '13': 0, '14': 0, '15': 0, '16': 1, '17': 0}"
278,Tencent,2017,China,Information Technology,428.32,477,8,6,4,"{'0': 0, '1': 0, '2': 0, '3': 2, '4': 0, '5': 0, '6': 0, '7': 0, '8': 3, '9': 4, '10': 0, '11': 0, '12': 0, '13': 0, '14': 0, '15': 0, '16': 0, '17': 0}"
279,Tencent,2019,China,Information Technology,428.32,542,2,1,0,"{'0': 1, '1': 0, '2': 0, '3': 0, '4': 0, '5': 0, '6': 0, '7': 0, '8': 0, '9': 0, '10': 0, '11': 0, '12': 0, '13': 0, '14': 0, '15': 0, '16': 0, '17': 0}"
280,Tencent,2021,China,Information Technology,428.32,626,5,3,2,"{'0': 1, '1': 0, '2': 0, '3': 0, '4': 0, '5': 0, '6': 0, '7': 0, '8': 2, '9': 2, '10': 0, '11': 1, '12': 0, '13': 0, '14': 0, '15': 0, '16': 0, '17': 2}"
281,Tencent,2020,China,Information Technology,428.32,606,9,7,6,"{'0': 0, '1': 0, '2': 0, '3': 2, '4': 0, '5': 0, '6': 0, '7': 2, '8': 3, '9': 2, '10': 1, '11': 1, '12': 1, '13': 3, '14': 0, '15': 1, '16': 1, '17': 0}"
282,Tencent,2018,China,Information Technology,428.32,533,3,0,0,"{'0': 0, '1': 0, '2': 0, '3': 0, '4': 0, '5': 0, '6': 0, '7': 0, '8': 0, '9': 0, '10': 0, '11': 0, '12': 0, '13': 0, '14': 0, '15': 0, '16': 0, '17': 0}"
283,Tencent,2016,China,Information Technology,428.32,447,2,2,1,"{'0': 1, '1': 0, '2': 0, '3': 0, '4': 0, '5': 0, '6': 0, '7': 0, '8': 1, '9': 0, '10': 0, '11': 0, '12': 0, '13': 0, '14': 0, '15': 0, '16': 0, '17': 0}"
284,PetroChina,2019,China,Energy,218.98,143,1,1,1,"{'0': 0, '1': 0, '2': 0, '3': 0, '4': 0, '5': 0, '6': 0, '7': 1, '8': 0, '9': 1, '10': 0, '11': 0, '12': 0, '13': 1, '14': 0, '15': 0, '16': 0, '17': 0}"
285,PetroChina,2020,China,Energy,218.98,173,3,3,3,"{'0': 0, '1': 0, '2': 0, '3': 0, '4': 0, '5': 0, '6': 0, '7': 0, '8': 2, '9': 3, '10': 0, '11': 0, '12': 1, '13': 0, '14': 0, '15': 0, '16': 0, '17': 1}"
286,Meituan,2022,China,Information Technology,93.17,636,5,1,0,"{'0': 1, '1': 0, '2': 0, '3': 0, '4': 0, '5': 0, '6': 0, '7': 0, '8': 0, '9': 0, '10': 0, '11': 0, '12': 0, '13': 0, '14': 0, '15': 0, '16': 0, '17': 0}"
287,Meituan,2023,China,Information Technology,93.17,668,8,2,0,"{'0': 2, '1': 0, '2': 0, '3': 0, '4': 0, '5': 0, '6': 0, '7': 0, '8': 0, '9': 0, '10': 0, '11': 0, '12': 0, '13': 0, '14': 0, '15': 0, '16': 0, '17': 0}"
288,Meituan,2019,China,Information Technology,93.17,578,8,3,3,"{'0': 0, '1': 0, '2': 1, '3': 0, '4': 0, '5': 0, '6': 0, '7': 0, '8': 1, '9': 1, '10': 0, '11': 1, '12': 0, '13': 0, '14': 0, '15': 0, '16': 1, '17': 0}"
289,Meituan,2021,China,Information Technology,93.17,613,9,4,3,"{'0': 0, '1': 0, '2': 0, '3': 0, '4': 0, '5': 0, '6': 0, '7': 1, '8': 0, '9': 2, '10': 0, '11': 0, '12': 0, '13': 0, '14': 0, '15': 0, '16': 2, '17': 0}"
290,Meituan,2020,China,Information Technology,93.17,581,8,2,1,"{'0': 0, '1': 0, '2': 0, '3': 0, '4': 0, '5': 0, '6': 0, '7': 0, '8': 0, '9': 1, '10': 0, '11': 0, '12': 0, '13': 0, '14': 0, '15': 0, '16': 1, '17': 0}"
291,Meituan,2018,China,Information Technology,93.17,532,9,3,3,"{'0': 0, '1': 0, '2': 0, '3': 1, '4': 0, '5': 0, '6': 0, '7': 0, '8': 1, '9': 1, '10': 0, '11': 0, '12': 0, '13': 0, '14': 0, '15': 0, '16': 2, '17': 0}"
292,China Yangtze Power,2018,China,Energy,100.53,521,2,1,1,"{'0': 0, '1': 0, '2': 0, '3': 0, '4': 0, '5': 0, '6': 0, '7': 1, '8': 0, '9': 1, '10': 0, '11': 0, '12': 0, '13': 1, '14': 0, '15': 0, '16': 0, '17': 0}"
293,State Bank of India,2022,India,Financials,91.89,2418,15,14,13,"{'0': 0, '1': 0, '2': 0, '3': 0, '4': 0, '5': 0, '6': 0, '7': 1, '8': 8, '9': 8, '10': 0, '11': 0, '12': 0, '13': 0, '14': 0, '15': 0, '16': 4, '17': 0}"
294,State Bank of India,2023,India,Financials,91.89,2571,22,19,19,"{'0': 0, '1': 0, '2': 0, '3': 0, '4': 2, '5': 0, '6': 0, '7': 0, '8': 17, '9': 10, '10': 0, '11': 0, '12': 0, '13': 1, '14': 0, '15': 0, '16': 4, '17': 0}"
295,State Bank of India,2019,India,Financials,91.89,2197,6,5,5,"{'0': 0, '1': 0, '2': 0, '3': 0, '4': 0, '5': 0, '6': 0, '7': 0, '8': 5, '9': 4, '10': 0, '11': 0, '12': 0, '13': 0, '14': 0, '15': 0, '16': 1, '17': 0}"
296,State Bank of India,2021,India,Financials,91.89,2271,8,6,6,"{'0': 0, '1': 0, '2': 0, '3': 0, '4': 0, '5': 0, '6': 0, '7': 0, '8': 2, '9': 3, '10': 0, '11': 0, '12': 0, '13': 0, '14': 0, '15': 0, '16': 2, '17': 0}"
297,State Bank of India,2020,India,Financials,91.89,2327,17,17,15,"{'0': 0, '1': 0, '2': 2, '3': 2, '4': 0, '5': 0, '6': 0, '7': 0, '8': 6, '9': 11, '10': 0, '11': 0, '12': 0, '13': 0, '14': 0, '15': 0, '16': 7, '17': 0}"
298,State Bank of India,2018,India,Financials,91.89,1991,5,2,2,"{'0': 0, '1': 0, '2': 0, '3': 0, '4': 0, '5': 0, '6': 0, '7': 0, '8': 1, '9': 2, '10': 0, '11': 0, '12': 0, '13': 0, '14': 0, '15': 0, '16': 2, '17': 0}"
299,ICICI Bank,2022,India,Financials,99.33,2304,4,4,4,"{'0': 0, '1': 0, '2': 0, '3': 0, '4': 0, '5': 0, '6': 0, '7': 0, '8': 4, '9': 3, '10': 0, '11': 0, '12': 0, '13': 0, '14': 0, '15': 0, '16': 0, '17': 0}"
300,ICICI Bank,2023,India,Financials,99.33,2188,16,11,11,"{'0': 0, '1': 0, '2': 0, '3': 0, '4': 3, '5': 0, '6': 0, '7': 0, '8': 9, '9': 8, '10': 0, '11': 0, '12': 0, '13': 0, '14': 0, '15': 0, '16': 1, '17': 0}"
301,ICICI Bank,2017,India,Financials,99.33,1987,4,4,4,"{'0': 0, '1': 0, '2': 0, '3': 0, '4': 0, '5': 0, '6': 0, '7': 0, '8': 3, '9': 4, '10': 0, '11': 0, '12': 0, '13': 0, '14': 0, '15': 0, '16': 0, '17': 0}"
302,ICICI Bank,2019,India,Financials,99.33,2289,6,5,5,"{'0': 0, '1': 0, '2': 0, '3': 0, '4': 1, '5': 0, '6': 0, '7': 0, '8': 4, '9': 4, '10': 0, '11': 0, '12': 0, '13': 0, '14': 0, '15': 0, '16': 1, '17': 0}"
303,ICICI Bank,2021,India,Financials,99.33,2304,4,4,3,"{'0': 1, '1': 0, '2': 0, '3': 0, '4': 0, '5': 0, '6': 0, '7': 0, '8': 3, '9': 3, '10': 0, '11': 0, '12': 0, '13': 0, '14': 0, '15': 0, '16': 0, '17': 0}"
304,ICICI Bank,2020,India,Financials,99.33,2327,4,4,4,"{'0': 0, '1': 0, '2': 0, '3': 0, '4': 1, '5': 0, '6': 0, '7': 0, '8': 4, '9': 2, '10': 0, '11': 0, '12': 0, '13': 0, '14': 0, '15': 0, '16': 0, '17': 0}"
305,ICICI Bank,2018,India,Financials,99.33,2132,7,5,5,"{'0': 0, '1': 0, '2': 0, '3': 0, '4': 0, '5': 0, '6': 0, '7': 0, '8': 5, '9': 5, '10': 0, '11': 0, '12': 0, '13': 0, '14': 0, '15': 0, '16': 0, '17': 0}"
306,ICICI Bank,2016,India,Financials,99.33,1847,1,1,1,"{'0': 0, '1': 0, '2': 0, '3': 0, '4': 0, '5': 0, '6': 0, '7': 0, '8': 0, '9': 1, '10': 0, '11': 0, '12': 0, '13': 0, '14': 0, '15': 0, '16': 0, '17': 0}"
307,Reliance Industries,2022,India,Energy,244.77,3426,49,38,37,"{'0': 0, '1': 0, '2': 6, '3': 8, '4': 1, '5': 0, '6': 0, '7': 4, '8': 8, '9': 32, '10': 0, '11': 3, '12': 5, '13': 1, '14': 1, '15': 0, '16': 3, '17': 3}"
308,Reliance Industries,2023,India,Energy,244.77,3618,48,37,37,"{'0': 0, '1': 0, '2': 6, '3': 6, '4': 7, '5': 0, '6': 0, '7': 4, '8': 10, '9': 30, '10': 0, '11': 3, '12': 3, '13': 3, '14': 0, '15': 1, '16': 2, '17': 4}"
309,Reliance Industries,2017,India,Energy,244.77,3311,7,6,6,"{'0': 0, '1': 0, '2': 0, '3': 2, '4': 1, '5': 0, '6': 0, '7': 0, '8': 2, '9': 5, '10': 0, '11': 0, '12': 0, '13': 0, '14': 0, '15': 0, '16': 1, '17': 0}"
310,Reliance Industries,2019,India,Energy,244.77,3583,35,31,31,"{'0': 0, '1': 1, '2': 6, '3': 1, '4': 7, '5': 0, '6': 0, '7': 0, '8': 6, '9': 23, '10': 0, '11': 1, '12': 5, '13': 0, '14': 0, '15': 0, '16': 4, '17': 0}"
311,Reliance Industries,2021,India,Energy,244.77,2992,37,27,27,"{'0': 0, '1': 0, '2': 2, '3': 6, '4': 1, '5': 0, '6': 0, '7': 2, '8': 5, '9': 21, '10': 0, '11': 0, '12': 5, '13': 1, '14': 0, '15': 0, '16': 2, '17': 3}"
312,Reliance Industries,2020,India,Energy,244.77,3340,49,41,41,"{'0': 0, '1': 0, '2': 6, '3': 7, '4': 8, '5': 0, '6': 1, '7': 2, '8': 22, '9': 34, '10': 0, '11': 1, '12': 7, '13': 1, '14': 1, '15': 0, '16': 6, '17': 0}"
313,Reliance Industries,2018,India,Energy,244.77,3109,21,18,17,"{'0': 0, '1': 0, '2': 0, '3': 0, '4': 2, '5': 1, '6': 1, '7': 0, '8': 3, '9': 16, '10': 1, '11': 3, '12': 3, '13': 1, '14': 0, '15': 0, '16': 1, '17': 0}"
314,Bajaj Auto,2015,India,Consumer Discretionary,39.46,950,1,0,0,"{'0': 0, '1': 0, '2': 0, '3': 0, '4': 0, '5': 0, '6': 0, '7': 0, '8': 0, '9': 0, '10': 0, '11': 0, '12': 0, '13': 0, '14': 0, '15': 0, '16': 0, '17': 0}"
315,Infosys,2014,India,Information Technology,90.16,2389,3,3,3,"{'0': 0, '1': 0, '2': 0, '3': 0, '4': 0, '5': 0, '6': 0, '7': 0, '8': 3, '9': 3, '10': 0, '11': 0, '12': 0, '13': 0, '14': 0, '15': 0, '16': 0, '17': 0}"
316,Infosys,2022,India,Information Technology,90.16,2391,45,38,33,"{'0': 1, '1': 0, '2': 0, '3': 2, '4': 2, '5': 0, '6': 0, '7': 0, '8': 20, '9': 30, '10': 0, '11': 0, '12': 0, '13': 0, '14': 0, '15': 0, '16': 4, '17': 0}"
317,Infosys,2023,India,Information Technology,90.16,2378,82,68,61,"{'0': 0, '1': 0, '2': 0, '3': 2, '4': 5, '5': 0, '6': 0, '7': 0, '8': 38, '9': 49, '10': 0, '11': 0, '12': 1, '13': 1, '14': 0, '15': 0, '16': 4, '17': 3}"
318,Infosys,2015,India,Information Technology,90.16,1817,9,8,7,"{'0': 0, '1': 0, '2': 0, '3': 0, '4': 0, '5': 0, '6': 0, '7': 0, '8': 5, '9': 6, '10': 0, '11': 0, '12': 0, '13': 0, '14': 0, '15': 0, '16': 0, '17': 1}"
319,Infosys,2017,India,Information Technology,90.16,2421,21,20,17,"{'0': 1, '1': 0, '2': 0, '3': 0, '4': 3, '5': 0, '6': 0, '7': 0, '8': 11, '9': 14, '10': 0, '11': 0, '12': 0, '13': 0, '14': 0, '15': 0, '16': 1, '17': 0}"
320,Infosys,2019,India,Information Technology,90.16,2425,20,19,17,"{'0': 1, '1': 0, '2': 0, '3': 0, '4': 0, '5': 0, '6': 0, '7': 0, '8': 12, '9': 17, '10': 0, '11': 0, '12': 0, '13': 0, '14': 0, '15': 0, '16': 1, '17': 0}"
321,Infosys,2021,India,Information Technology,90.16,2301,30,30,27,"{'0': 1, '1': 0, '2': 0, '3': 1, '4': 1, '5': 0, '6': 0, '7': 0, '8': 17, '9': 25, '10': 0, '11': 0, '12': 0, '13': 0, '14': 0, '15': 0, '16': 3, '17': 2}"
322,Infosys,2020,India,Information Technology,90.16,2351,26,23,23,"{'0': 0, '1': 0, '2': 0, '3': 0, '4': 0, '5': 0, '6': 0, '7': 0, '8': 16, '9': 23, '10': 0, '11': 0, '12': 0, '13': 0, '14': 0, '15': 0, '16': 2, '17': 1}"
323,Infosys,2018,India,Information Technology,90.16,2000,21,21,20,"{'0': 0, '1': 0, '2': 0, '3': 0, '4': 3, '5': 0, '6': 0, '7': 0, '8': 13, '9': 17, '10': 0, '11': 0, '12': 0, '13': 0, '14': 0, '15': 0, '16': 0, '17': 0}"
324,Infosys,2016,India,Information Technology,90.16,2527,8,6,5,"{'0': 0, '1': 0, '2': 0, '3': 0, '4': 1, '5': 0, '6': 0, '7': 0, '8': 3, '9': 3, '10': 0, '11': 0, '12': 0, '13': 0, '14': 0, '15': 0, '16': 0, '17': 0}"
325,Mahindra & Mahindra,2022,India,Consumer Discretionary,42.44,4209,30,16,14,"{'0': 0, '1': 0, '2': 0, '3': 0, '4': 6, '5': 1, '6': 0, '7': 0, '8': 3, '9': 10, '10': 0, '11': 0, '12': 2, '13': 0, '14': 0, '15': 0, '16': 1, '17': 0}"
326,Mahindra & Mahindra,2023,India,Consumer Discretionary,42.44,4402,35,22,21,"{'0': 0, '1': 0, '2': 3, '3': 0, '4': 4, '5': 1, '6': 0, '7': 1, '8': 7, '9': 17, '10': 0, '11': 0, '12': 3, '13': 0, '14': 0, '15': 0, '16': 0, '17': 0}"
327,Mahindra & Mahindra,2015,India,Consumer Discretionary,42.44,2219,8,0,0,"{'0': 0, '1': 0, '2': 0, '3': 0, '4': 0, '5': 0, '6': 0, '7': 0, '8': 0, '9': 0, '10': 0, '11': 0, '12': 0, '13': 0, '14': 0, '15': 0, '16': 0, '17': 0}"
328,Mahindra & Mahindra,2017,India,Consumer Discretionary,42.44,2990,12,1,1,"{'0': 0, '1': 0, '2': 1, '3': 0, '4': 0, '5': 0, '6': 0, '7': 1, '8': 0, '9': 1, '10': 0, '11': 1, '12': 1, '13': 0, '14': 0, '15': 0, '16': 0, '17': 0}"
329,Mahindra & Mahindra,2021,India,Consumer Discretionary,42.44,3608,16,6,6,"{'0': 0, '1': 0, '2': 4, '3': 0, '4': 0, '5': 0, '6': 0, '7': 0, '8': 0, '9': 5, '10': 0, '11': 0, '12': 1, '13': 0, '14': 0, '15': 0, '16': 0, '17': 0}"
330,Mahindra & Mahindra,2020,India,Consumer Discretionary,42.44,3533,23,12,12,"{'0': 0, '1': 0, '2': 4, '3': 0, '4': 3, '5': 2, '6': 0, '7': 1, '8': 2, '9': 6, '10': 2, '11': 0, '12': 2, '13': 0, '14': 0, '15': 0, '16': 0, '17': 0}"
331,Mahindra & Mahindra,2018,India,Consumer Discretionary,42.44,3142,24,10,10,"{'0': 0, '1': 0, '2': 2, '3': 0, '4': 0, '5': 0, '6': 0, '7': 0, '8': 5, '9': 8, '10': 0, '11': 1, '12': 1, '13': 0, '14': 0, '15': 0, '16': 0, '17': 0}"
332,Mahindra & Mahindra,2016,India,Consumer Discretionary,42.44,2915,15,1,0,"{'0': 1, '1': 0, '2': 0, '3': 0, '4': 0, '5': 0, '6': 0, '7': 0, '8': 0, '9': 0, '10': 0, '11': 0, '12': 0, '13': 0, '14': 0, '15': 0, '16': 0, '17': 0}"
333,Life Insurance Corporation of India,2022,India,Financials,89.05,5276,7,6,6,"{'0': 0, '1': 0, '2': 0, '3': 0, '4': 0, '5': 0, '6': 0, '7': 0, '8': 2, '9': 5, '10': 1, '11': 0, '12': 0, '13': 0, '14': 0, '15': 0, '16': 4, '17': 0}"
334,Life Insurance Corporation of India,2019,India,Financials,89.05,2373,5,0,0,"{'0': 0, '1': 0, '2': 0, '3': 0, '4': 0, '5': 0, '6': 0, '7': 0, '8': 0, '9': 0, '10': 0, '11': 0, '12': 0, '13': 0, '14': 0, '15': 0, '16': 0, '17': 0}"
335,Life Insurance Corporation of India,2021,India,Financials,89.05,5403,8,4,4,"{'0': 0, '1': 0, '2': 0, '3': 0, '4': 0, '5': 0, '6': 0, '7': 0, '8': 1, '9': 2, '10': 1, '11': 0, '12': 0, '13': 0, '14': 0, '15': 0, '16': 2, '17': 0}"
336,Life Insurance Corporation of India,2020,India,Financials,89.05,2480,6,1,1,"{'0': 0, '1': 0, '2': 0, '3': 0, '4': 0, '5': 0, '6': 0, '7': 0, '8': 1, '9': 1, '10': 0, '11': 0, '12': 0, '13': 0, '14': 0, '15': 0, '16': 0, '17': 0}"
337,Hindustan Unilever,2014,India,Consumer Staples,76.16,1432,1,0,0,"{'0': 0, '1': 0, '2': 0, '3': 0, '4': 0, '5': 0, '6': 0, '7': 0, '8': 0, '9': 0, '10': 0, '11': 0, '12': 0, '13': 0, '14': 0, '15': 0, '16': 0, '17': 0}"
338,Hindustan Unilever,2022,India,Consumer Staples,76.16,2846,2,2,2,"{'0': 0, '1': 0, '2': 0, '3': 0, '4': 0, '5': 0, '6': 0, '7': 0, '8': 0, '9': 1, '10': 0, '11': 0, '12': 0, '13': 1, '14': 0, '15': 0, '16': 1, '17': 0}"
339,Hindustan Unilever,2023,India,Consumer Staples,76.16,3138,14,13,12,"{'0': 0, '1': 0, '2': 0, '3': 1, '4': 0, '5': 0, '6': 0, '7': 0, '8': 9, '9': 10, '10': 0, '11': 1, '12': 3, '13': 0, '14': 0, '15': 0, '16': 1, '17': 0}"
340,Hindustan Unilever,2017,India,Consumer Staples,76.16,1525,1,1,1,"{'0': 0, '1': 0, '2': 0, '3': 0, '4': 0, '5': 0, '6': 0, '7': 0, '8': 1, '9': 1, '10': 0, '11': 0, '12': 0, '13': 0, '14': 0, '15': 0, '16': 0, '17': 0}"
341,Hindustan Unilever,2019,India,Consumer Staples,76.16,1860,3,2,2,"{'0': 0, '1': 0, '2': 0, '3': 0, '4': 1, '5': 0, '6': 0, '7': 0, '8': 1, '9': 1, '10': 0, '11': 0, '12': 0, '13': 0, '14': 0, '15': 0, '16': 0, '17': 0}"
342,Hindustan Unilever,2021,India,Consumer Staples,76.16,2271,9,9,9,"{'0': 0, '1': 0, '2': 0, '3': 1, '4': 2, '5': 0, '6': 0, '7': 0, '8': 3, '9': 7, '10': 0, '11': 0, '12': 2, '13': 0, '14': 0, '15': 0, '16': 1, '17': 0}"
343,Hindustan Unilever,2020,India,Consumer Staples,76.16,2028,3,3,3,"{'0': 0, '1': 0, '2': 0, '3': 0, '4': 0, '5': 0, '6': 0, '7': 0, '8': 2, '9': 3, '10': 0, '11': 0, '12': 0, '13': 0, '14': 0, '15': 0, '16': 1, '17': 0}"
344,Hindustan Unilever,2018,India,Consumer Staples,76.16,1807,2,2,2,"{'0': 0, '1': 0, '2': 0, '3': 0, '4': 0, '5': 0, '6': 0, '7': 0, '8': 0, '9': 2, '10': 0, '11': 0, '12': 1, '13': 0, '14': 0, '15': 0, '16': 0, '17': 0}"
345,HCL Technologies,2014,India,Information Technology,56.64,1451,3,1,1,"{'0': 0, '1': 0, '2': 0, '3': 0, '4': 0, '5': 0, '6': 0, '7': 0, '8': 1, '9': 1, '10': 0, '11': 0, '12': 0, '13': 0, '14': 0, '15': 0, '16': 0, '17': 0}"
346,HCL Technologies,2022,India,Information Technology,56.64,2666,86,74,63,"{'0': 1, '1': 0, '2': 0, '3': 2, '4': 2, '5': 0, '6': 0, '7': 1, '8': 24, '9': 58, '10': 0, '11': 1, '12': 2, '13': 0, '14': 0, '15': 0, '16': 6, '17': 5}"
347,HCL Technologies,2023,India,Information Technology,56.64,2820,169,152,140,"{'0': 0, '1': 0, '2': 0, '3': 8, '4': 14, '5': 1, '6': 0, '7': 4, '8': 63, '9': 120, '10': 1, '11': 2, '12': 5, '13': 2, '14': 0, '15': 0, '16': 14, '17': 4}"
348,HCL Technologies,2015,India,Information Technology,56.64,1478,6,4,4,"{'0': 0, '1': 0, '2': 0, '3': 0, '4': 0, '5': 0, '6': 0, '7': 0, '8': 3, '9': 4, '10': 0, '11': 0, '12': 1, '13': 0, '14': 0, '15': 0, '16': 0, '17': 0}"
349,HCL Technologies,2017,India,Information Technology,56.64,2010,31,27,25,"{'0': 0, '1': 0, '2': 0, '3': 0, '4': 0, '5': 0, '6': 0, '7': 1, '8': 15, '9': 24, '10': 0, '11': 1, '12': 0, '13': 0, '14': 0, '15': 0, '16': 1, '17': 1}"
350,HCL Technologies,2019,India,Information Technology,56.64,2524,35,30,29,"{'0': 0, '1': 0, '2': 0, '3': 0, '4': 0, '5': 0, '6': 0, '7': 0, '8': 15, '9': 26, '10': 0, '11': 1, '12': 1, '13': 0, '14': 0, '15': 0, '16': 4, '17': 0}"
351,HCL Technologies,2021,India,Information Technology,56.64,2688,53,47,45,"{'0': 0, '1': 0, '2': 0, '3': 6, '4': 1, '5': 0, '6': 0, '7': 0, '8': 19, '9': 41, '10': 0, '11': 1, '12': 1, '13': 1, '14': 0, '15': 0, '16': 4, '17': 1}"
352,HCL Technologies,2020,India,Information Technology,56.64,2524,35,30,29,"{'0': 0, '1': 0, '2': 0, '3': 0, '4': 0, '5': 0, '6': 0, '7': 0, '8': 13, '9': 26, '10': 0, '11': 1, '12': 1, '13': 0, '14': 0, '15': 0, '16': 3, '17': 0}"
353,HCL Technologies,2018,India,Information Technology,56.64,2204,29,23,22,"{'0': 0, '1': 0, '2': 0, '3': 0, '4': 0, '5': 0, '6': 0, '7': 0, '8': 13, '9': 19, '10': 0, '11': 0, '12': 0, '13': 0, '14': 0, '15': 0, '16': 1, '17': 2}"
354,HCL Technologies,2016,India,Information Technology,56.64,2113,13,13,12,"{'0': 0, '1': 0, '2': 0, '3': 0, '4': 1, '5': 0, '6': 0, '7': 0, '8': 5, '9': 11, '10': 0, '11': 0, '12': 0, '13': 0, '14': 0, '15': 0, '16': 2, '17': 0}"
355,Tata Consultancy Services,2014,India,Information Technology,189.9,1472,7,2,2,"{'0': 0, '1': 0, '2': 0, '3': 0, '4': 1, '5': 0, '6': 0, '7': 0, '8': 2, '9': 1, '10': 0, '11': 0, '12': 0, '13': 0, '14': 0, '15': 0, '16': 0, '17': 0}"
356,Tata Consultancy Services,2022,India,Information Technology,189.9,2522,91,70,62,"{'0': 0, '1': 0, '2': 1, '3': 6, '4': 4, '5': 0, '6': 0, '7': 6, '8': 27, '9': 50, '10': 0, '11': 6, '12': 10, '13': 8, '14': 0, '15': 0, '16': 6, '17': 0}"
357,Tata Consultancy Services,2023,India,Information Technology,189.9,2559,109,88,77,"{'0': 0, '1': 0, '2': 0, '3': 6, '4': 14, '5': 1, '6': 0, '7': 3, '8': 38, '9': 59, '10': 0, '11': 3, '12': 8, '13': 4, '14': 0, '15': 0, '16': 8, '17': 2}"
358,Tata Consultancy Services,2015,India,Information Technology,189.9,1511,8,8,7,"{'0': 0, '1': 0, '2': 0, '3': 2, '4': 1, '5': 0, '6': 0, '7': 0, '8': 2, '9': 7, '10': 0, '11': 0, '12': 1, '13': 0, '14': 0, '15': 0, '16': 0, '17': 0}"
359,Tata Consultancy Services,2017,India,Information Technology,189.9,1538,18,11,10,"{'0': 0, '1': 0, '2': 0, '3': 2, '4': 0, '5': 0, '6': 0, '7': 1, '8': 5, '9': 6, '10': 0, '11': 0, '12': 1, '13': 1, '14': 0, '15': 0, '16': 0, '17': 1}"
360,Tata Consultancy Services,2019,India,Information Technology,189.9,1996,34,27,25,"{'0': 1, '1': 0, '2': 0, '3': 4, '4': 1, '5': 0, '6': 0, '7': 0, '8': 12, '9': 21, '10': 0, '11': 1, '12': 2, '13': 0, '14': 0, '15': 0, '16': 0, '17': 0}"
361,Tata Consultancy Services,2021,India,Information Technology,189.9,2439,51,39,38,"{'0': 0, '1': 0, '2': 1, '3': 5, '4': 1, '5': 0, '6': 1, '7': 3, '8': 19, '9': 29, '10': 0, '11': 0, '12': 8, '13': 3, '14': 0, '15': 0, '16': 3, '17': 1}"
362,Tata Consultancy Services,2020,India,Information Technology,189.9,2180,41,36,33,"{'0': 0, '1': 0, '2': 0, '3': 7, '4': 2, '5': 0, '6': 0, '7': 3, '8': 16, '9': 27, '10': 0, '11': 2, '12': 3, '13': 2, '14': 0, '15': 0, '16': 1, '17': 1}"
363,Tata Consultancy Services,2018,India,Information Technology,189.9,1782,32,26,24,"{'0': 1, '1': 0, '2': 0, '3': 2, '4': 3, '5': 0, '6': 0, '7': 2, '8': 14, '9': 22, '10': 0, '11': 0, '12': 2, '13': 1, '14': 0, '15': 0, '16': 0, '17': 0}"
364,Bajaj Finance,2022,India,Financials,53.94,2813,6,2,2,"{'0': 0, '1': 0, '2': 0, '3': 0, '4': 0, '5': 0, '6': 0, '7': 0, '8': 2, '9': 2, '10': 0, '11': 0, '12': 0, '13': 0, '14': 0, '15': 0, '16': 0, '17': 0}"
365,Bajaj Finance,2023,India,Financials,53.94,2971,10,5,5,"{'0': 0, '1': 0, '2': 0, '3': 0, '4': 0, '5': 0, '6': 0, '7': 0, '8': 4, '9': 4, '10': 0, '11': 0, '12': 0, '13': 0, '14': 0, '15': 0, '16': 1, '17': 0}"
366,Bajaj Finance,2021,India,Financials,53.94,1824,1,1,1,"{'0': 0, '1': 0, '2': 0, '3': 1, '4': 0, '5': 0, '6': 0, '7': 0, '8': 0, '9': 0, '10': 0, '11': 0, '12': 0, '13': 0, '14': 0, '15': 0, '16': 0, '17': 0}"
367,Bajaj Finance,2020,India,Financials,53.94,2055,5,5,5,"{'0': 0, '1': 0, '2': 0, '3': 0, '4': 0, '5': 0, '6': 0, '7': 0, '8': 4, '9': 5, '10': 0, '11': 0, '12': 0, '13': 0, '14': 0, '15': 0, '16': 1, '17': 0}"
368,Bajaj Finance,2016,India,Financials,53.94,983,1,1,1,"{'0': 0, '1': 0, '2': 0, '3': 0, '4': 0, '5': 0, '6': 0, '7': 0, '8': 0, '9': 0, '10': 0, '11': 0, '12': 0, '13': 0, '14': 0, '15': 0, '16': 1, '17': 0}"
369,Sun Pharmaceutical,2022,India,Health Care,52.18,2357,1,1,1,"{'0': 0, '1': 0, '2': 0, '3': 1, '4': 0, '5': 0, '6': 0, '7': 0, '8': 0, '9': 1, '10': 0, '11': 0, '12': 0, '13': 0, '14': 0, '15': 0, '16': 0, '17': 0}"
370,Sun Pharmaceutical,2023,India,Health Care,52.18,2422,1,1,1,"{'0': 0, '1': 0, '2': 0, '3': 1, '4': 0, '5': 0, '6': 0, '7': 0, '8': 0, '9': 1, '10': 0, '11': 0, '12': 0, '13': 0, '14': 0, '15': 0, '16': 0, '17': 0}"
371,Sun Pharmaceutical,2019,India,Health Care,52.18,2225,2,1,1,"{'0': 0, '1': 0, '2': 0, '3': 1, '4': 0, '5': 0, '6': 0, '7': 0, '8': 0, '9': 0, '10': 0, '11': 0, '12': 0, '13': 0, '14': 0, '15': 0, '16': 0, '17': 0}"
372,Sun Pharmaceutical,2018,India,Health Care,52.18,2143,5,1,1,"{'0': 0, '1': 0, '2': 0, '3': 1, '4': 0, '5': 0, '6': 0, '7': 0, '8': 0, '9': 0, '10': 0, '11': 0, '12': 0, '13': 0, '14': 0, '15': 0, '16': 0, '17': 0}"
373,NTPC Limited,2022,India,Energy,45.66,4989,6,4,3,"{'0': 1, '1': 0, '2': 0, '3': 0, '4': 0, '5': 0, '6': 0, '7': 2, '8': 0, '9': 3, '10': 0, '11': 0, '12': 2, '13': 1, '14': 0, '15': 0, '16': 0, '17': 1}"
374,NTPC Limited,2023,India,Energy,45.66,4535,6,5,5,"{'0': 0, '1': 0, '2': 0, '3': 0, '4': 0, '5': 0, '6': 0, '7': 2, '8': 2, '9': 5, '10': 0, '11': 0, '12': 0, '13': 0, '14': 0, '15': 0, '16': 1, '17': 0}"
375,NTPC Limited,2015,India,Energy,45.66,3619,1,0,0,"{'0': 0, '1': 0, '2': 0, '3': 0, '4': 0, '5': 0, '6': 0, '7': 0, '8': 0, '9': 0, '10': 0, '11': 0, '12': 0, '13': 0, '14': 0, '15': 0, '16': 0, '17': 0}"
376,NTPC Limited,2017,India,Energy,45.66,3387,1,1,1,"{'0': 0, '1': 0, '2': 0, '3': 0, '4': 0, '5': 0, '6': 0, '7': 0, '8': 0, '9': 1, '10': 0, '11': 0, '12': 1, '13': 0, '14': 0, '15': 0, '16': 0, '17': 0}"
377,NTPC Limited,2019,India,Energy,45.66,4255,9,5,5,"{'0': 0, '1': 0, '2': 0, '3': 0, '4': 0, '5': 0, '6': 0, '7': 3, '8': 0, '9': 5, '10': 0, '11': 0, '12': 3, '13': 0, '14': 0, '15': 0, '16': 0, '17': 0}"
378,NTPC Limited,2021,India,Energy,45.66,5045,10,6,6,"{'0': 0, '1': 0, '2': 0, '3': 0, '4': 0, '5': 0, '6': 0, '7': 3, '8': 0, '9': 5, '10': 0, '11': 0, '12': 3, '13': 0, '14': 0, '15': 0, '16': 0, '17': 0}"
379,NTPC Limited,2020,India,Energy,45.66,4619,13,8,8,"{'0': 0, '1': 0, '2': 0, '3': 0, '4': 0, '5': 0, '6': 0, '7': 4, '8': 1, '9': 8, '10': 0, '11': 0, '12': 1, '13': 0, '14': 0, '15': 0, '16': 0, '17': 0}"
380,NTPC Limited,2018,India,Energy,45.66,3630,4,2,2,"{'0': 0, '1': 0, '2': 0, '3': 0, '4': 0, '5': 0, '6': 0, '7': 1, '8': 0, '9': 1, '10': 0, '11': 0, '12': 1, '13': 0, '14': 0, '15': 0, '16': 0, '17': 0}"
381,NTPC Limited,2016,India,Energy,45.66,3321,4,2,2,"{'0': 0, '1': 0, '2': 0, '3': 0, '4': 0, '5': 0, '6': 0, '7': 1, '8': 0, '9': 2, '10': 0, '11': 0, '12': 1, '13': 0, '14': 0, '15': 0, '16': 0, '17': 0}"
382,Axis Bank,2022,India,Financials,42.72,3146,13,11,11,"{'0': 0, '1': 0, '2': 0, '3': 0, '4': 0, '5': 0, '6': 0, '7': 0, '8': 9, '9': 9, '10': 0, '11': 0, '12': 1, '13': 0, '14': 0, '15': 0, '16': 2, '17': 1}"
383,Axis Bank,2023,India,Financials,42.72,3635,38,33,33,"{'0': 0, '1': 0, '2': 0, '3': 0, '4': 1, '5': 0, '6': 0, '7': 1, '8': 28, '9': 27, '10': 0, '11': 1, '12': 1, '13': 0, '14': 0, '15': 0, '16': 5, '17': 0}"
384,Axis Bank,2017,India,Financials,42.72,2477,10,9,9,"{'0': 0, '1': 0, '2': 0, '3': 0, '4': 0, '5': 0, '6': 0, '7': 0, '8': 8, '9': 7, '10': 0, '11': 0, '12': 1, '13': 0, '14': 0, '15': 0, '16': 1, '17': 0}"
385,Axis Bank,2021,India,Financials,42.72,2649,21,20,19,"{'0': 0, '1': 1, '2': 1, '3': 0, '4': 0, '5': 0, '6': 0, '7': 0, '8': 16, '9': 14, '10': 0, '11': 0, '12': 0, '13': 0, '14': 0, '15': 0, '16': 2, '17': 0}"
386,Axis Bank,2020,India,Financials,42.72,2825,14,14,14,"{'0': 0, '1': 0, '2': 0, '3': 0, '4': 1, '5': 0, '6': 0, '7': 0, '8': 13, '9': 10, '10': 0, '11': 0, '12': 0, '13': 0, '14': 0, '15': 0, '16': 1, '17': 0}"
387,Axis Bank,2018,India,Financials,42.72,2385,10,10,10,"{'0': 0, '1': 0, '2': 0, '3': 0, '4': 0, '5': 0, '6': 0, '7': 0, '8': 7, '9': 8, '10': 0, '11': 3, '12': 0, '13': 0, '14': 0, '15': 0, '16': 1, '17': 0}"
388,Bharti Airtel,2022,India,Communication Services,107.39,3119,17,17,16,"{'0': 0, '1': 0, '2': 0, '3': 2, '4': 0, '5': 0, '6': 0, '7': 3, '8': 2, '9': 14, '10': 0, '11': 1, '12': 0, '13': 2, '14': 0, '15': 0, '16': 1, '17': 1}"
389,Bharti Airtel,2023,India,Communication Services,107.39,3297,21,14,14,"{'0': 0, '1': 0, '2': 0, '3': 0, '4': 0, '5': 0, '6': 0, '7': 3, '8': 3, '9': 11, '10': 0, '11': 0, '12': 1, '13': 3, '14': 0, '15': 0, '16': 0, '17': 0}"
390,Bharti Airtel,2017,India,Communication Services,107.39,2430,5,5,5,"{'0': 0, '1': 0, '2': 0, '3': 0, '4': 0, '5': 0, '6': 0, '7': 0, '8': 1, '9': 5, '10': 0, '11': 0, '12': 0, '13': 0, '14': 0, '15': 0, '16': 0, '17': 0}"
391,Bharti Airtel,2019,India,Communication Services,107.39,3141,19,13,13,"{'0': 0, '1': 0, '2': 0, '3': 0, '4': 2, '5': 0, '6': 0, '7': 0, '8': 4, '9': 10, '10': 0, '11': 0, '12': 0, '13': 0, '14': 0, '15': 1, '16': 1, '17': 0}"
392,Bharti Airtel,2021,India,Communication Services,107.39,3208,16,16,16,"{'0': 0, '1': 0, '2': 0, '3': 1, '4': 0, '5': 0, '6': 0, '7': 3, '8': 3, '9': 13, '10': 0, '11': 0, '12': 1, '13': 1, '14': 0, '15': 0, '16': 0, '17': 0}"
393,Bharti Airtel,2020,India,Communication Services,107.39,3022,19,15,15,"{'0': 0, '1': 0, '2': 0, '3': 1, '4': 3, '5': 0, '6': 0, '7': 0, '8': 7, '9': 14, '10': 0, '11': 0, '12': 1, '13': 0, '14': 0, '15': 0, '16': 0, '17': 0}"
394,Bharti Airtel,2018,India,Communication Services,107.39,2593,8,5,5,"{'0': 0, '1': 0, '2': 0, '3': 0, '4': 0, '5': 0, '6': 0, '7': 0, '8': 0, '9': 5, '10': 0, '11': 0, '12': 0, '13': 0, '14': 0, '15': 0, '16': 0, '17': 1}"
395,Bharti Airtel,2016,India,Communication Services,107.39,2466,2,1,1,"{'0': 0, '1': 0, '2': 0, '3': 0, '4': 1, '5': 0, '6': 0, '7': 0, '8': 1, '9': 0, '10': 0, '11': 0, '12': 0, '13': 0, '14': 0, '15': 0, '16': 0, '17': 0}"
396,Kotak Mahindra Bank,2022,India,Financials,41.8,3586,30,15,13,"{'0': 1, '1': 0, '2': 0, '3': 0, '4': 3, '5': 1, '6': 0, '7': 2, '8': 8, '9': 6, '10': 0, '11': 0, '12': 0, '13': 1, '14': 0, '15': 0, '16': 1, '17': 0}"
397,Kotak Mahindra Bank,2023,India,Financials,41.8,3613,33,23,20,"{'0': 0, '1': 1, '2': 0, '3': 0, '4': 6, '5': 0, '6': 0, '7': 2, '8': 12, '9': 13, '10': 0, '11': 0, '12': 1, '13': 1, '14': 0, '15': 0, '16': 2, '17': 1}"
398,Kotak Mahindra Bank,2017,India,Financials,41.8,1931,12,7,7,"{'0': 0, '1': 0, '2': 0, '3': 0, '4': 0, '5': 0, '6': 0, '7': 0, '8': 6, '9': 7, '10': 0, '11': 0, '12': 0, '13': 0, '14': 0, '15': 0, '16': 1, '17': 1}"
399,Kotak Mahindra Bank,2019,India,Financials,41.8,2466,14,8,8,"{'0': 0, '1': 0, '2': 0, '3': 1, '4': 1, '5': 0, '6': 0, '7': 0, '8': 6, '9': 3, '10': 0, '11': 0, '12': 0, '13': 0, '14': 0, '15': 0, '16': 0, '17': 0}"
400,Kotak Mahindra Bank,2021,India,Financials,41.8,3502,27,18,18,"{'0': 0, '1': 0, '2': 0, '3': 1, '4': 5, '5': 1, '6': 0, '7': 0, '8': 10, '9': 13, '10': 0, '11': 0, '12': 1, '13': 0, '14': 0, '15': 1, '16': 4, '17': 1}"
401,Kotak Mahindra Bank,2020,India,Financials,41.8,3215,11,6,6,"{'0': 0, '1': 0, '2': 0, '3': 0, '4': 1, '5': 0, '6': 0, '7': 0, '8': 5, '9': 5, '10': 0, '11': 0, '12': 0, '13': 0, '14': 0, '15': 0, '16': 1, '17': 0}"
402,Kotak Mahindra Bank,2018,India,Financials,41.8,2277,16,6,5,"{'0': 0, '1': 0, '2': 0, '3': 0, '4': 0, '5': 0, '6': 0, '7': 0, '8': 4, '9': 5, '10': 0, '11': 0, '12': 0, '13': 0, '14': 0, '15': 0, '16': 0, '17': 0}"
403,Adani Enterprises,2022,India,Materials,43.12,3598,6,5,5,"{'0': 0, '1': 0, '2': 1, '3': 0, '4': 0, '5': 0, '6': 0, '7': 0, '8': 2, '9': 5, '10': 0, '11': 0, '12': 0, '13': 0, '14': 0, '15': 0, '16': 1, '17': 0}"
404,Adani Enterprises,2023,India,Materials,43.12,4798,20,13,13,"{'0': 0, '1': 0, '2': 0, '3': 0, '4': 1, '5': 0, '6': 0, '7': 1, '8': 5, '9': 8, '10': 0, '11': 1, '12': 0, '13': 1, '14': 0, '15': 0, '16': 5, '17': 0}"
405,Adani Enterprises,2019,India,Materials,43.12,2386,5,3,3,"{'0': 0, '1': 0, '2': 0, '3': 0, '4': 2, '5': 0, '6': 1, '7': 0, '8': 0, '9': 1, '10': 0, '11': 0, '12': 1, '13': 0, '14': 0, '15': 0, '16': 0, '17': 0}"
406,Adani Enterprises,2021,India,Materials,43.12,3262,2,1,1,"{'0': 0, '1': 0, '2': 0, '3': 0, '4': 0, '5': 0, '6': 0, '7': 1, '8': 0, '9': 1, '10': 0, '11': 0, '12': 0, '13': 0, '14': 0, '15': 0, '16': 0, '17': 0}"
407,Adani Enterprises,2020,India,Materials,43.12,2623,3,2,2,"{'0': 0, '1': 0, '2': 0, '3': 0, '4': 0, '5': 0, '6': 0, '7': 0, '8': 1, '9': 2, '10': 0, '11': 0, '12': 0, '13': 0, '14': 0, '15': 0, '16': 1, '17': 0}"
408,ITC,2022,India,Consumer Staples,73.68,3084,17,17,17,"{'0': 0, '1': 0, '2': 3, '3': 1, '4': 0, '5': 0, '6': 0, '7': 0, '8': 8, '9': 15, '10': 0, '11': 0, '12': 7, '13': 0, '14': 0, '15': 0, '16': 0, '17': 0}"
409,ITC,2023,India,Consumer Staples,73.68,3327,28,27,24,"{'0': 0, '1': 0, '2': 5, '3': 2, '4': 1, '5': 0, '6': 0, '7': 2, '8': 11, '9': 15, '10': 1, '11': 0, '12': 7, '13': 2, '14': 0, '15': 0, '16': 0, '17': 0}"
410,ITC,2015,India,Consumer Staples,73.68,1922,1,0,0,"{'0': 0, '1': 0, '2': 0, '3': 0, '4': 0, '5': 0, '6': 0, '7': 0, '8': 0, '9': 0, '10': 0, '11': 0, '12': 0, '13': 0, '14': 0, '15': 0, '16': 0, '17': 0}"
411,ITC,2017,India,Consumer Staples,73.68,2377,3,3,3,"{'0': 0, '1': 0, '2': 0, '3': 0, '4': 0, '5': 0, '6': 0, '7': 0, '8': 1, '9': 3, '10': 0, '11': 0, '12': 1, '13': 0, '14': 0, '15': 0, '16': 0, '17': 0}"
412,ITC,2019,India,Consumer Staples,73.68,2738,7,7,7,"{'0': 0, '1': 0, '2': 0, '3': 0, '4': 0, '5': 0, '6': 0, '7': 0, '8': 2, '9': 7, '10': 0, '11': 0, '12': 1, '13': 0, '14': 0, '15': 0, '16': 0, '17': 0}"
413,ITC,2021,India,Consumer Staples,73.68,3038,21,20,19,"{'0': 0, '1': 0, '2': 5, '3': 0, '4': 1, '5': 0, '6': 0, '7': 1, '8': 8, '9': 14, '10': 0, '11': 0, '12': 2, '13': 0, '14': 0, '15': 0, '16': 0, '17': 0}"
414,ITC,2020,India,Consumer Staples,73.68,2909,14,14,14,"{'0': 0, '1': 0, '2': 1, '3': 0, '4': 0, '5': 0, '6': 0, '7': 0, '8': 6, '9': 13, '10': 0, '11': 0, '12': 7, '13': 0, '14': 0, '15': 0, '16': 0, '17': 1}"
415,ITC,2018,India,Consumer Staples,73.68,2502,1,1,1,"{'0': 0, '1': 0, '2': 0, '3': 0, '4': 0, '5': 0, '6': 0, '7': 0, '8': 0, '9': 1, '10': 0, '11': 0, '12': 0, '13': 0, '14': 0, '15': 0, '16': 0, '17': 0}"
416,ITC,2016,India,Consumer Staples,73.68,2435,4,0,0,"{'0': 0, '1': 0, '2': 0, '3': 0, '4': 0, '5': 0, '6': 0, '7': 0, '8': 0, '9': 0, '10': 0, '11': 0, '12': 0, '13': 0, '14': 0, '15': 0, '16': 0, '17': 0}"
417,Tata Motors,2022,India,Industries,50.61,4326,98,13,13,"{'0': 0, '1': 0, '2': 0, '3': 0, '4': 0, '5': 0, '6': 0, '7': 3, '8': 3, '9': 13, '10': 0, '11': 6, '12': 2, '13': 1, '14': 0, '15': 0, '16': 0, '17': 1}"
418,Tata Motors,2023,India,Industries,50.61,1309,7,7,6,"{'0': 0, '1': 0, '2': 0, '3': 1, '4': 0, '5': 0, '6': 0, '7': 1, '8': 0, '9': 6, '10': 0, '11': 1, '12': 2, '13': 0, '14': 0, '15': 0, '16': 0, '17': 1}"
419,Tata Motors,2015,India,Industries,50.61,2696,23,0,0,"{'0': 0, '1': 0, '2': 0, '3': 0, '4': 0, '5': 0, '6': 0, '7': 0, '8': 0, '9': 0, '10': 0, '11': 0, '12': 0, '13': 0, '14': 0, '15': 0, '16': 0, '17': 0}"
420,Tata Motors,2019,India,Industries,50.61,3581,50,3,3,"{'0': 0, '1': 0, '2': 0, '3': 0, '4': 0, '5': 0, '6': 0, '7': 1, '8': 0, '9': 3, '10': 0, '11': 1, '12': 0, '13': 1, '14': 0, '15': 0, '16': 0, '17': 0}"
421,Tata Motors,2021,India,Industries,50.61,4204,66,12,12,"{'0': 0, '1': 0, '2': 0, '3': 0, '4': 0, '5': 0, '6': 0, '7': 1, '8': 0, '9': 12, '10': 0, '11': 5, '12': 2, '13': 1, '14': 0, '15': 0, '16': 0, '17': 1}"
422,Tata Motors,2020,India,Industries,50.61,3802,50,3,3,"{'0': 0, '1': 0, '2': 0, '3': 0, '4': 0, '5': 0, '6': 0, '7': 0, '8': 1, '9': 3, '10': 0, '11': 0, '12': 0, '13': 0, '14': 0, '15': 0, '16': 0, '17': 0}"
423,Tata Motors,2016,India,Industries,50.61,3128,18,0,0,"{'0': 0, '1': 0, '2': 0, '3': 0, '4': 0, '5': 0, '6': 0, '7': 0, '8': 0, '9': 0, '10': 0, '11': 0, '12': 0, '13': 0, '14': 0, '15': 0, '16': 0, '17': 0}"
424,UltraTech Cement,2022,India,Industries,39.27,2621,17,8,8,"{'0': 0, '1': 0, '2': 0, '3': 2, '4': 1, '5': 0, '6': 1, '7': 0, '8': 1, '9': 6, '10': 0, '11': 0, '12': 2, '13': 2, '14': 0, '15': 0, '16': 1, '17': 0}"
425,UltraTech Cement,2023,India,Industries,39.27,2812,8,8,8,"{'0': 0, '1': 0, '2': 0, '3': 0, '4': 1, '5': 0, '6': 0, '7': 0, '8': 4, '9': 6, '10': 0, '11': 0, '12': 4, '13': 0, '14': 0, '15': 0, '16': 0, '17': 0}"
426,UltraTech Cement,2021,India,Industries,39.27,2342,9,7,7,"{'0': 0, '1': 0, '2': 0, '3': 0, '4': 0, '5': 0, '6': 0, '7': 1, '8': 4, '9': 6, '10': 0, '11': 0, '12': 2, '13': 1, '14': 0, '15': 0, '16': 0, '17': 0}"
427,UltraTech Cement,2020,India,Industries,39.27,2141,7,5,5,"{'0': 0, '1': 0, '2': 0, '3': 1, '4': 0, '5': 0, '6': 0, '7': 1, '8': 1, '9': 5, '10': 0, '11': 1, '12': 3, '13': 1, '14': 0, '15': 0, '16': 0, '17': 0}"
428,UltraTech Cement,2018,India,Industries,39.27,1919,3,1,1,"{'0': 0, '1': 0, '2': 0, '3': 0, '4': 0, '5': 0, '6': 0, '7': 0, '8': 1, '9': 1, '10': 0, '11': 0, '12': 0, '13': 0, '14': 0, '15': 0, '16': 0, '17': 0}"
429,Maruti Suzuki India,2022,India,Industries,45.66,2512,11,6,4,"{'0': 0, '1': 0, '2': 0, '3': 0, '4': 2, '5': 0, '6': 0, '7': 0, '8': 1, '9': 3, '10': 0, '11': 0, '12': 0, '13': 0, '14': 0, '15': 0, '16': 0, '17': 0}"
430,Maruti Suzuki India,2023,India,Industries,45.66,2845,16,14,13,"{'0': 0, '1': 0, '2': 0, '3': 6, '4': 2, '5': 0, '6': 0, '7': 0, '8': 4, '9': 5, '10': 0, '11': 1, '12': 0, '13': 0, '14': 0, '15': 0, '16': 1, '17': 0}"
431,Maruti Suzuki India,2017,India,Industries,45.66,1774,1,0,0,"{'0': 0, '1': 0, '2': 0, '3': 0, '4': 0, '5': 0, '6': 0, '7': 0, '8': 0, '9': 0, '10': 0, '11': 0, '12': 0, '13': 0, '14': 0, '15': 0, '16': 0, '17': 0}"
432,Maruti Suzuki India,2019,India,Industries,45.66,2142,6,6,6,"{'0': 0, '1': 0, '2': 0, '3': 2, '4': 1, '5': 0, '6': 0, '7': 0, '8': 2, '9': 4, '10': 0, '11': 0, '12': 1, '13': 0, '14': 0, '15': 0, '16': 1, '17': 0}"
433,Maruti Suzuki India,2021,India,Industries,45.66,2178,9,8,8,"{'0': 0, '1': 0, '2': 0, '3': 0, '4': 0, '5': 0, '6': 0, '7': 0, '8': 2, '9': 6, '10': 0, '11': 1, '12': 0, '13': 0, '14': 0, '15': 0, '16': 1, '17': 0}"
434,Maruti Suzuki India,2020,India,Industries,45.66,2092,7,6,6,"{'0': 0, '1': 0, '2': 0, '3': 2, '4': 1, '5': 0, '6': 0, '7': 0, '8': 3, '9': 4, '10': 0, '11': 2, '12': 0, '13': 0, '14': 0, '15': 0, '16': 0, '17': 0}"
435,Maruti Suzuki India,2018,India,Industries,45.66,1855,1,1,1,"{'0': 0, '1': 0, '2': 0, '3': 0, '4': 0, '5': 0, '6': 0, '7': 0, '8': 1, '9': 1, '10': 0, '11': 0, '12': 1, '13': 0, '14': 0, '15': 0, '16': 0, '17': 0}"
436,Oil&Natural Gas,2022,India,Energy,46.31,4514,11,2,2,"{'0': 0, '1': 0, '2': 0, '3': 0, '4': 0, '5': 0, '6': 0, '7': 1, '8': 0, '9': 2, '10': 0, '11': 0, '12': 0, '13': 0, '14': 0, '15': 0, '16': 0, '17': 0}"
437,Oil&Natural Gas,2023,India,Energy,46.31,4712,28,12,11,"{'0': 0, '1': 0, '2': 0, '3': 0, '4': 0, '5': 0, '6': 0, '7': 0, '8': 1, '9': 9, '10': 0, '11': 0, '12': 0, '13': 1, '14': 0, '15': 1, '16': 0, '17': 0}"
438,Oil&Natural Gas,2021,India,Energy,46.31,4296,12,5,5,"{'0': 0, '1': 0, '2': 0, '3': 0, '4': 0, '5': 0, '6': 0, '7': 2, '8': 0, '9': 5, '10': 0, '11': 0, '12': 0, '13': 0, '14': 0, '15': 0, '16': 1, '17': 0}"
439,Oil&Natural Gas,2018,India,Energy,46.31,3394,7,1,1,"{'0': 0, '1': 0, '2': 0, '3': 0, '4': 0, '5': 0, '6': 0, '7': 0, '8': 0, '9': 1, '10': 0, '11': 0, '12': 0, '13': 0, '14': 0, '15': 0, '16': 0, '17': 0}"
440,HDFC Bank,2022,India,Financials,152.34,3226,28,27,27,"{'0': 0, '1': 0, '2': 0, '3': 1, '4': 0, '5': 0, '6': 0, '7': 0, '8': 15, '9': 23, '10': 0, '11': 0, '12': 0, '13': 0, '14': 0, '15': 0, '16': 7, '17': 0}"
441,HDFC Bank,2023,India,Financials,152.34,3915,43,42,42,"{'0': 0, '1': 0, '2': 1, '3': 2, '4': 2, '5': 1, '6': 0, '7': 0, '8': 25, '9': 27, '10': 1, '11': 0, '12': 0, '13': 0, '14': 0, '15': 0, '16': 15, '17': 0}"
442,HDFC Bank,2015,India,Financials,152.34,1522,1,1,1,"{'0': 0, '1': 0, '2': 0, '3': 0, '4': 0, '5': 0, '6': 0, '7': 0, '8': 1, '9': 1, '10': 0, '11': 0, '12': 0, '13': 0, '14': 0, '15': 0, '16': 0, '17': 0}"
443,HDFC Bank,2017,India,Financials,152.34,1768,3,3,3,"{'0': 0, '1': 0, '2': 0, '3': 0, '4': 0, '5': 0, '6': 0, '7': 0, '8': 1, '9': 3, '10': 0, '11': 0, '12': 0, '13': 0, '14': 0, '15': 0, '16': 1, '17': 0}"
444,HDFC Bank,2019,India,Financials,152.34,2216,13,12,11,"{'0': 1, '1': 0, '2': 0, '3': 0, '4': 0, '5': 0, '6': 0, '7': 0, '8': 11, '9': 10, '10': 0, '11': 0, '12': 0, '13': 0, '14': 0, '15': 0, '16': 0, '17': 0}"
445,HDFC Bank,2021,India,Financials,152.34,3058,19,15,15,"{'0': 0, '1': 0, '2': 0, '3': 1, '4': 1, '5': 0, '6': 0, '7': 0, '8': 11, '9': 12, '10': 0, '11': 0, '12': 0, '13': 0, '14': 0, '15': 0, '16': 1, '17': 0}"
446,HDFC Bank,2020,India,Financials,152.34,2646,16,14,14,"{'0': 0, '1': 0, '2': 0, '3': 1, '4': 0, '5': 0, '6': 0, '7': 0, '8': 11, '9': 14, '10': 0, '11': 0, '12': 0, '13': 1, '14': 0, '15': 0, '16': 0, '17': 0}"
447,HDFC Bank,2018,India,Financials,152.34,1984,9,9,8,"{'0': 1, '1': 0, '2': 0, '3': 0, '4': 0, '5': 0, '6': 0, '7': 0, '8': 6, '9': 7, '10': 0, '11': 0, '12': 1, '13': 0, '14': 0, '15': 0, '16': 0, '17': 0}"
448,HDFC Bank,2016,India,Financials,152.34,1574,2,2,2,"{'0': 0, '1': 0, '2': 0, '3': 0, '4': 0, '5': 0, '6': 0, '7': 0, '8': 2, '9': 2, '10': 0, '11': 0, '12': 0, '13': 0, '14': 0, '15': 0, '16': 0, '17': 0}"
449,Larsen & Toubro,2014,India,Industries,58.58,2500,1,0,0,"{'0': 0, '1': 0, '2': 0, '3': 0, '4': 0, '5': 0, '6': 0, '7': 0, '8': 0, '9': 0, '10': 0, '11': 0, '12': 0, '13': 0, '14': 0, '15': 0, '16': 0, '17': 0}"
450,Larsen & Toubro,2022,India,Industries,58.58,4958,42,37,34,"{'0': 0, '1': 0, '2': 0, '3': 5, '4': 1, '5': 0, '6': 1, '7': 3, '8': 15, '9': 26, '10': 0, '11': 5, '12': 2, '13': 0, '14': 0, '15': 0, '16': 7, '17': 0}"
451,Larsen & Toubro,2023,India,Industries,58.58,4610,50,44,41,"{'0': 0, '1': 0, '2': 0, '3': 1, '4': 5, '5': 0, '6': 2, '7': 2, '8': 15, '9': 34, '10': 0, '11': 1, '12': 5, '13': 2, '14': 0, '15': 0, '16': 2, '17': 0}"
452,Larsen & Toubro,2015,India,Industries,58.58,2755,4,0,0,"{'0': 0, '1': 0, '2': 0, '3': 0, '4': 0, '5': 0, '6': 0, '7': 0, '8': 0, '9': 0, '10': 0, '11': 0, '12': 0, '13': 0, '14': 0, '15': 0, '16': 0, '17': 0}"
453,Larsen & Toubro,2017,India,Industries,58.58,3256,7,7,7,"{'0': 0, '1': 0, '2': 0, '3': 0, '4': 1, '5': 0, '6': 0, '7': 0, '8': 2, '9': 7, '10': 0, '11': 0, '12': 0, '13': 0, '14': 0, '15': 0, '16': 0, '17': 0}"
454,Larsen & Toubro,2019,India,Industries,58.58,4096,37,35,35,"{'0': 0, '1': 0, '2': 1, '3': 2, '4': 4, '5': 0, '6': 1, '7': 1, '8': 14, '9': 27, '10': 0, '11': 8, '12': 4, '13': 0, '14': 0, '15': 0, '16': 3, '17': 1}"
455,Larsen & Toubro,2021,India,Industries,58.58,4389,30,23,22,"{'0': 0, '1': 0, '2': 0, '3': 5, '4': 4, '5': 0, '6': 1, '7': 0, '8': 6, '9': 15, '10': 0, '11': 5, '12': 1, '13': 1, '14': 0, '15': 0, '16': 0, '17': 0}"
456,Larsen & Toubro,2020,India,Industries,58.58,3966,43,35,34,"{'0': 0, '1': 0, '2': 0, '3': 7, '4': 2, '5': 0, '6': 1, '7': 1, '8': 8, '9': 25, '10': 0, '11': 6, '12': 4, '13': 0, '14': 0, '15': 0, '16': 2, '17': 1}"
457,Larsen & Toubro,2018,India,Industries,58.58,3847,23,18,17,"{'0': 0, '1': 0, '2': 0, '3': 0, '4': 2, '5': 0, '6': 0, '7': 1, '8': 6, '9': 15, '10': 0, '11': 3, '12': 1, '13': 0, '14': 0, '15': 0, '16': 1, '17': 0}"
458,Larsen & Toubro,2016,India,Industries,58.58,3358,6,1,0,"{'0': 1, '1': 0, '2': 0, '3': 0, '4': 0, '5': 0, '6': 0, '7': 0, '8': 0, '9': 0, '10': 0, '11': 0, '12': 0, '13': 0, '14': 0, '15': 0, '16': 0, '17': 0}"
